delivery_ID,order_ID,scheduled_date,actual_delivery_date,status
1,136,2025-09-24 02:56:25,,Pending
2,916,2025-11-01 02:56:25,2025-11-02 02:56:25,Shipped
3,655,2025-10-21 02:56:25,,Pending
4,574,2025-10-20 02:56:25,,Pending
5,468,2025-10-04 02:56:25,2025-10-04 02:56:25,Cancelled
6,304,2025-09-10 02:56:25,,Pending
7,126,2025-09-15 02:56:25,2025-09-16 02:56:25,Shipped
8,585,2025-10-18 02:56:25,,Pending
9,943,2025-10-07 02:56:25,2025-10-10 02:56:25,Shipped
10,848,2025-09-18 02:56:25,2025-09-18 02:56:25,Cancelled
11,410,2025-10-23 02:56:25,2025-10-23 02:56:25,Cancelled
12,688,2025-09-25 02:56:25,2025-09-26 02:56:25,Delivered
13,650,2025-10-30 02:56:25,2025-10-30 02:56:25,Cancelled
14,652,2025-10-05 02:56:25,2025-10-07 02:56:25,Delivered
15,776,2025-10-02 02:56:25,2025-10-03 02:56:25,Delivered
16,532,2025-10-02 02:56:25,2025-10-02 02:56:25,Cancelled
17,478,2025-10-22 02:56:25,2025-10-25 02:56:25,Delivered
18,350,2025-10-11 02:56:25,2025-10-12 02:56:25,Delivered
19,685,2025-09-10 02:56:25,,Pending
20,596,2025-09-09 02:56:25,,Pending
21,214,2025-09-23 02:56:25,2025-09-28 02:56:25,Delivered
22,10,2025-10-10 02:56:25,2025-10-13 02:56:25,Shipped
23,382,2025-11-03 02:56:25,,Pending
24,639,2025-10-19 02:56:25,2025-10-20 02:56:25,Delivered
25,352,2025-10-06 02:56:25,,Pending
26,842,2025-10-13 02:56:25,2025-10-17 02:56:25,Delivered
27,171,2025-09-17 02:56:25,2025-09-19 02:56:25,Shipped
28,783,2025-10-10 02:56:25,2025-10-13 02:56:25,Shipped
29,542,2025-11-01 02:56:25,,Pending
30,723,2025-11-01 02:56:25,2025-11-04 02:56:25,Shipped
31,252,2025-09-16 02:56:25,2025-09-18 02:56:25,Shipped
32,210,2025-10-05 02:56:25,2025-10-10 02:56:25,Delivered
33,399,2025-11-02 02:56:25,2025-11-03 02:56:25,Delivered
34,742,2025-10-11 02:56:25,,Pending
35,455,2025-09-09 02:56:25,2025-09-09 02:56:25,Cancelled
36,123,2025-10-18 02:56:25,,Pending
37,297,2025-10-30 02:56:25,2025-11-01 02:56:25,Delivered
38,608,2025-09-14 02:56:25,2025-09-14 02:56:25,Cancelled
39,283,2025-11-09 02:56:25,2025-11-11 02:56:25,Shipped
40,711,2025-10-18 02:56:25,2025-10-21 02:56:25,Shipped
41,324,2025-10-25 02:56:25,2025-10-30 02:56:25,Delivered
42,489,2025-09-29 02:56:25,2025-09-29 02:56:25,Cancelled
43,254,2025-09-24 02:56:25,2025-09-25 02:56:25,Shipped
44,669,2025-09-14 02:56:25,2025-09-14 02:56:25,Cancelled
45,443,2025-10-12 02:56:25,,Pending
46,428,2025-10-19 02:56:25,2025-10-22 02:56:25,Shipped
47,249,2025-09-15 02:56:25,2025-09-15 02:56:25,Cancelled
48,696,2025-10-18 02:56:25,,Pending
49,155,2025-10-25 02:56:25,2025-10-25 02:56:25,Cancelled
50,578,2025-09-29 02:56:25,2025-09-29 02:56:25,Cancelled
51,591,2025-11-08 02:56:25,2025-11-13 02:56:25,Delivered
52,105,2025-10-17 02:56:25,,Pending
53,471,2025-09-29 02:56:25,2025-10-02 02:56:25,Delivered
54,605,2025-09-18 02:56:25,2025-09-22 02:56:25,Delivered
55,897,2025-09-23 02:56:25,2025-09-23 02:56:25,Cancelled
56,830,2025-10-14 02:56:25,2025-10-19 02:56:25,Delivered
57,936,2025-10-03 02:56:25,,Pending
58,557,2025-11-01 02:56:25,2025-11-02 02:56:25,Shipped
59,537,2025-09-29 02:56:25,2025-10-02 02:56:25,Shipped
60,480,2025-10-26 02:56:25,,Pending
61,903,2025-11-08 02:56:25,2025-11-12 02:56:25,Delivered
62,670,2025-09-28 02:56:25,,Pending
63,622,2025-10-11 02:56:25,2025-10-13 02:56:25,Delivered
64,630,2025-09-14 02:56:25,2025-09-17 02:56:25,Shipped
65,935,2025-10-13 02:56:25,,Pending
66,244,2025-10-14 02:56:25,,Pending
67,299,2025-09-27 02:56:25,2025-09-28 02:56:25,Shipped
68,485,2025-09-16 02:56:25,2025-09-18 02:56:25,Shipped
69,132,2025-10-10 02:56:25,2025-10-10 02:56:25,Cancelled
70,26,2025-09-13 02:56:25,2025-09-16 02:56:25,Shipped
71,52,2025-09-25 02:56:25,2025-09-25 02:56:25,Cancelled
72,55,2025-10-18 02:56:25,2025-10-18 02:56:25,Cancelled
73,517,2025-09-11 02:56:25,2025-09-11 02:56:25,Cancelled
74,336,2025-10-22 02:56:25,2025-10-23 02:56:25,Shipped
75,467,2025-09-15 02:56:25,2025-09-16 02:56:25,Delivered
76,506,2025-11-01 02:56:25,2025-11-04 02:56:25,Shipped
77,572,2025-10-11 02:56:25,,Pending
78,780,2025-09-10 02:56:25,,Pending
79,683,2025-11-01 02:56:25,,Pending
80,853,2025-09-18 02:56:25,2025-09-19 02:56:25,Delivered
81,458,2025-09-22 02:56:25,2025-09-24 02:56:25,Shipped
82,628,2025-10-23 02:56:25,2025-10-26 02:56:25,Shipped
83,208,2025-09-11 02:56:25,2025-09-11 02:56:25,Cancelled
84,881,2025-10-19 02:56:25,2025-10-19 02:56:25,Cancelled
85,379,2025-09-25 02:56:25,2025-09-26 02:56:25,Shipped
86,623,2025-10-15 02:56:25,2025-10-15 02:56:25,Cancelled
87,34,2025-10-16 02:56:25,2025-10-16 02:56:25,Cancelled
88,27,2025-09-09 02:56:25,2025-09-09 02:56:25,Cancelled
89,587,2025-09-30 02:56:25,,Pending
90,56,2025-10-16 02:56:25,2025-10-16 02:56:25,Cancelled
91,97,2025-09-20 02:56:25,,Pending
92,165,2025-10-20 02:56:25,2025-10-21 02:56:25,Shipped
93,330,2025-11-01 02:56:25,2025-11-01 02:56:25,Cancelled
94,296,2025-09-27 02:56:25,2025-09-27 02:56:25,Cancelled
95,555,2025-10-16 02:56:25,2025-10-20 02:56:25,Delivered
96,821,2025-10-20 02:56:25,,Pending
97,77,2025-10-10 02:56:25,,Pending
98,803,2025-09-13 02:56:25,,Pending
99,920,2025-09-06 02:56:25,2025-09-07 02:56:25,Shipped
100,721,2025-10-21 02:56:25,2025-10-21 02:56:25,Cancelled
101,149,2025-10-09 02:56:25,2025-10-11 02:56:25,Shipped
102,560,2025-09-15 02:56:25,2025-09-17 02:56:25,Shipped
103,425,2025-10-22 02:56:25,2025-10-22 02:56:25,Cancelled
104,759,2025-09-13 02:56:25,2025-09-13 02:56:25,Cancelled
105,54,2025-10-02 02:56:25,2025-10-02 02:56:25,Cancelled
106,595,2025-11-10 02:56:25,2025-11-10 02:56:25,Cancelled
107,515,2025-09-17 02:56:25,2025-09-19 02:56:25,Shipped
108,566,2025-09-26 02:56:25,,Pending
109,411,2025-09-19 02:56:25,,Pending
110,131,2025-10-06 02:56:25,,Pending
111,757,2025-09-05 02:56:25,2025-09-05 02:56:25,Cancelled
112,329,2025-10-20 02:56:25,2025-10-21 02:56:25,Shipped
113,459,2025-09-29 02:56:25,,Pending
114,858,2025-09-10 02:56:25,,Pending
115,933,2025-10-18 02:56:25,,Pending
116,53,2025-09-11 02:56:25,2025-09-11 02:56:25,Cancelled
117,896,2025-10-30 02:56:25,2025-11-02 02:56:25,Shipped
118,666,2025-10-22 02:56:25,,Pending
119,883,2025-10-28 02:56:25,,Pending
120,122,2025-09-25 02:56:25,2025-09-28 02:56:25,Delivered
121,619,2025-09-30 02:56:25,2025-10-02 02:56:25,Delivered
122,569,2025-10-23 02:56:25,2025-10-23 02:56:25,Cancelled
123,549,2025-10-25 02:56:25,2025-10-29 02:56:25,Delivered
124,712,2025-10-09 02:56:25,,Pending
125,643,2025-09-27 02:56:25,2025-09-27 02:56:25,Cancelled
126,750,2025-09-29 02:56:25,,Pending
127,431,2025-09-15 02:56:25,2025-09-18 02:56:25,Shipped
128,529,2025-09-27 02:56:25,2025-09-29 02:56:25,Shipped
129,930,2025-09-18 02:56:25,2025-09-20 02:56:25,Shipped
130,447,2025-10-14 02:56:25,2025-10-16 02:56:25,Shipped
131,366,2025-09-20 02:56:25,2025-09-25 02:56:25,Delivered
132,840,2025-10-16 02:56:25,,Pending
133,41,2025-10-12 02:56:25,2025-10-13 02:56:25,Delivered
134,512,2025-10-29 02:56:25,2025-10-30 02:56:25,Delivered
135,50,2025-09-24 02:56:25,2025-09-26 02:56:25,Shipped
136,726,2025-10-18 02:56:25,2025-10-21 02:56:25,Shipped
137,370,2025-09-24 02:56:25,2025-09-27 02:56:25,Shipped
138,186,2025-09-14 02:56:25,2025-09-14 02:56:25,Cancelled
139,327,2025-09-07 02:56:25,,Pending
140,475,2025-10-31 02:56:25,2025-10-31 02:56:25,Cancelled
141,104,2025-09-29 02:56:25,,Pending
142,697,2025-10-20 02:56:25,2025-10-22 02:56:25,Delivered
143,725,2025-09-29 02:56:25,2025-10-02 02:56:25,Shipped
144,796,2025-11-01 02:56:25,2025-11-01 02:56:25,Cancelled
145,931,2025-09-24 02:56:25,,Pending
146,921,2025-10-28 02:56:25,,Pending
147,645,2025-09-23 02:56:25,,Pending
148,909,2025-10-11 02:56:25,2025-10-13 02:56:25,Shipped
149,332,2025-10-31 02:56:25,,Pending
150,577,2025-10-08 02:56:25,2025-10-09 02:56:25,Delivered
151,857,2025-09-13 02:56:25,2025-09-16 02:56:25,Shipped
152,335,2025-10-16 02:56:25,,Pending
153,929,2025-11-02 02:56:25,2025-11-02 02:56:25,Cancelled
154,23,2025-10-07 02:56:25,2025-10-08 02:56:25,Shipped
155,293,2025-10-17 02:56:25,2025-10-19 02:56:25,Shipped
156,563,2025-10-11 02:56:25,2025-10-14 02:56:25,Shipped
157,361,2025-09-19 02:56:25,2025-09-19 02:56:25,Cancelled
158,255,2025-09-22 02:56:25,2025-09-24 02:56:25,Delivered
159,73,2025-09-28 02:56:25,2025-09-28 02:56:25,Cancelled
160,331,2025-10-04 02:56:25,2025-10-04 02:56:25,Cancelled
161,180,2025-09-18 02:56:25,2025-09-20 02:56:25,Shipped
162,600,2025-09-20 02:56:25,2025-09-22 02:56:25,Delivered
163,668,2025-11-03 02:56:25,,Pending
164,389,2025-09-18 02:56:25,2025-09-18 02:56:25,Cancelled
165,893,2025-10-24 02:56:25,2025-10-25 02:56:25,Delivered
166,786,2025-10-10 02:56:25,2025-10-15 02:56:25,Delivered
167,439,2025-10-21 02:56:25,2025-10-22 02:56:25,Delivered
168,541,2025-09-11 02:56:25,2025-09-13 02:56:25,Delivered
169,269,2025-10-17 02:56:25,2025-10-18 02:56:25,Delivered
170,3,2025-09-07 02:56:25,2025-09-07 02:56:25,Cancelled
171,594,2025-10-22 02:56:25,2025-10-26 02:56:25,Delivered
172,629,2025-10-13 02:56:25,,Pending
173,4,2025-09-29 02:56:25,2025-10-01 02:56:25,Shipped
174,457,2025-09-13 02:56:25,2025-09-13 02:56:25,Cancelled
175,253,2025-10-29 02:56:25,2025-10-31 02:56:25,Shipped
176,831,2025-10-11 02:56:25,,Pending
177,78,2025-10-10 02:56:25,2025-10-11 02:56:25,Delivered
178,813,2025-09-22 02:56:25,2025-09-26 02:56:25,Delivered
179,322,2025-10-14 02:56:25,2025-10-14 02:56:25,Cancelled
180,825,2025-11-02 02:56:25,2025-11-03 02:56:25,Shipped
181,449,2025-09-11 02:56:25,2025-09-11 02:56:25,Cancelled
182,161,2025-10-27 02:56:25,2025-10-31 02:56:25,Delivered
183,477,2025-09-29 02:56:25,,Pending
184,333,2025-10-05 02:56:25,2025-10-07 02:56:25,Delivered
185,337,2025-10-31 02:56:25,2025-11-04 02:56:25,Delivered
186,70,2025-09-14 02:56:25,2025-09-14 02:56:25,Cancelled
187,593,2025-09-20 02:56:25,2025-09-20 02:56:25,Cancelled
188,717,2025-10-07 02:56:25,,Pending
189,28,2025-10-08 02:56:25,2025-10-09 02:56:25,Delivered
190,40,2025-10-28 02:56:25,2025-10-30 02:56:25,Delivered
191,627,2025-10-03 02:56:25,2025-10-04 02:56:25,Shipped
192,814,2025-10-28 02:56:25,2025-10-30 02:56:25,Shipped
193,234,2025-10-10 02:56:25,,Pending
194,138,2025-09-17 02:56:25,2025-09-17 02:56:25,Cancelled
195,849,2025-09-28 02:56:25,2025-10-01 02:56:25,Shipped
196,899,2025-10-26 02:56:25,2025-10-26 02:56:25,Cancelled
197,274,2025-10-24 02:56:25,2025-10-25 02:56:25,Shipped
198,42,2025-10-02 02:56:25,,Pending
199,501,2025-09-30 02:56:25,2025-10-01 02:56:25,Shipped
200,110,2025-10-17 02:56:25,2025-10-17 02:56:25,Cancelled
201,284,2025-10-11 02:56:25,2025-10-12 02:56:25,Shipped
202,94,2025-10-18 02:56:25,2025-10-20 02:56:25,Shipped
203,250,2025-09-20 02:56:25,2025-09-24 02:56:25,Delivered
204,343,2025-09-16 02:56:25,2025-09-16 02:56:25,Cancelled
205,877,2025-10-29 02:56:25,2025-10-29 02:56:25,Cancelled
206,309,2025-10-08 02:56:25,2025-10-08 02:56:25,Cancelled
207,908,2025-10-17 02:56:25,2025-10-19 02:56:25,Delivered
208,338,2025-10-26 02:56:25,2025-10-26 02:56:25,Cancelled
209,861,2025-10-26 02:56:25,2025-10-30 02:56:25,Delivered
210,784,2025-10-30 02:56:25,2025-11-01 02:56:25,Delivered
211,7,2025-11-04 02:56:25,2025-11-07 02:56:25,Delivered
212,93,2025-10-03 02:56:25,,Pending
213,720,2025-10-02 02:56:25,2025-10-03 02:56:25,Shipped
214,922,2025-10-08 02:56:25,2025-10-11 02:56:25,Shipped
215,524,2025-10-23 02:56:25,,Pending
216,49,2025-10-11 02:56:25,2025-10-11 02:56:25,Cancelled
217,493,2025-09-26 02:56:25,2025-09-26 02:56:25,Cancelled
218,261,2025-09-24 02:56:25,,Pending
219,277,2025-09-16 02:56:25,2025-09-16 02:56:25,Cancelled
220,135,2025-10-31 02:56:25,,Pending
221,82,2025-09-23 02:56:25,2025-09-23 02:56:25,Cancelled
222,376,2025-10-18 02:56:25,,Pending
223,312,2025-10-11 02:56:25,2025-10-15 02:56:25,Delivered
224,383,2025-10-17 02:56:25,2025-10-19 02:56:25,Shipped
225,341,2025-10-19 02:56:25,2025-10-23 02:56:25,Delivered
226,659,2025-10-03 02:56:25,,Pending
227,121,2025-09-17 02:56:25,2025-09-21 02:56:25,Delivered
228,85,2025-10-09 02:56:25,2025-10-09 02:56:25,Cancelled
229,715,2025-10-16 02:56:25,,Pending
230,150,2025-10-19 02:56:25,,Pending
231,611,2025-10-02 02:56:25,2025-10-02 02:56:25,Cancelled
232,746,2025-09-10 02:56:25,2025-09-10 02:56:25,Cancelled
233,558,2025-09-19 02:56:25,,Pending
234,615,2025-09-07 02:56:25,2025-09-07 02:56:25,Cancelled
235,426,2025-09-30 02:56:25,2025-10-02 02:56:25,Shipped
236,782,2025-09-12 02:56:25,2025-09-16 02:56:25,Delivered
237,925,2025-10-25 02:56:25,2025-10-25 02:56:25,Cancelled
238,151,2025-10-30 02:56:25,,Pending
239,111,2025-10-28 02:56:25,,Pending
240,945,2025-10-08 02:56:25,,Pending
241,589,2025-09-29 02:56:25,2025-10-02 02:56:25,Shipped
242,454,2025-09-19 02:56:25,,Pending
243,533,2025-09-26 02:56:25,2025-09-27 02:56:25,Shipped
244,926,2025-09-17 02:56:25,2025-09-18 02:56:25,Shipped
245,841,2025-11-02 02:56:25,2025-11-02 02:56:25,Cancelled
246,719,2025-10-08 02:56:25,2025-10-10 02:56:25,Shipped
247,806,2025-10-04 02:56:25,2025-10-06 02:56:25,Delivered
248,839,2025-10-13 02:56:25,,Pending
249,435,2025-09-24 02:56:25,2025-09-25 02:56:25,Delivered
250,380,2025-10-28 02:56:25,,Pending
251,912,2025-10-02 02:56:25,2025-10-02 02:56:25,Cancelled
252,367,2025-09-12 02:56:25,2025-09-13 02:56:25,Shipped
253,491,2025-11-06 02:56:25,2025-11-07 02:56:25,Shipped
254,656,2025-10-20 02:56:25,,Pending
255,114,2025-10-02 02:56:25,,Pending
256,90,2025-10-12 02:56:25,2025-10-12 02:56:25,Cancelled
257,32,2025-10-18 02:56:25,,Pending
258,36,2025-09-25 02:56:25,2025-09-26 02:56:25,Delivered
259,421,2025-09-16 02:56:25,2025-09-16 02:56:25,Cancelled
260,419,2025-09-05 02:56:25,2025-09-05 02:56:25,Cancelled
261,311,2025-09-14 02:56:25,2025-09-14 02:56:25,Cancelled
262,294,2025-09-20 02:56:25,2025-09-20 02:56:25,Cancelled
263,406,2025-09-13 02:56:25,2025-09-18 02:56:25,Delivered
264,99,2025-11-10 02:56:25,2025-11-10 02:56:25,Cancelled
265,695,2025-10-24 02:56:25,2025-10-24 02:56:25,Cancelled
266,498,2025-09-13 02:56:25,2025-09-16 02:56:25,Delivered
267,944,2025-10-13 02:56:25,,Pending
268,348,2025-10-14 02:56:25,2025-10-14 02:56:25,Cancelled
269,224,2025-09-18 02:56:25,2025-09-18 02:56:25,Cancelled
270,487,2025-11-07 02:56:25,2025-11-07 02:56:25,Cancelled
271,476,2025-09-14 02:56:25,,Pending
272,198,2025-10-12 02:56:25,2025-10-14 02:56:25,Delivered
273,362,2025-10-21 02:56:25,2025-10-23 02:56:25,Shipped
274,658,2025-10-03 02:56:25,2025-10-06 02:56:25,Delivered
275,739,2025-09-23 02:56:25,2025-09-28 02:56:25,Delivered
276,779,2025-10-09 02:56:25,2025-10-10 02:56:25,Shipped
277,108,2025-10-02 02:56:25,2025-10-02 02:56:25,Cancelled
278,778,2025-10-21 02:56:25,2025-10-24 02:56:25,Shipped
279,364,2025-10-31 02:56:25,2025-10-31 02:56:25,Cancelled
280,773,2025-10-25 02:56:25,,Pending
281,795,2025-10-19 02:56:25,2025-10-21 02:56:25,Delivered
282,802,2025-10-03 02:56:25,2025-10-05 02:56:25,Shipped
283,492,2025-10-09 02:56:25,2025-10-13 02:56:25,Delivered
284,405,2025-10-01 02:56:25,2025-10-05 02:56:25,Delivered
285,147,2025-09-27 02:56:25,2025-09-30 02:56:25,Delivered
286,422,2025-09-19 02:56:25,2025-09-22 02:56:25,Delivered
287,635,2025-10-24 02:56:25,2025-10-25 02:56:25,Shipped
288,731,2025-11-02 02:56:25,2025-11-03 02:56:25,Delivered
289,396,2025-10-11 02:56:25,2025-10-12 02:56:25,Shipped
290,573,2025-10-29 02:56:25,2025-10-29 02:56:25,Cancelled
291,392,2025-10-02 02:56:25,2025-10-03 02:56:25,Delivered
292,12,2025-10-05 02:56:25,2025-10-07 02:56:25,Delivered
293,700,2025-10-15 02:56:25,2025-10-17 02:56:25,Shipped
294,917,2025-10-15 02:56:25,2025-10-17 02:56:25,Shipped
295,801,2025-10-12 02:56:25,,Pending
296,910,2025-10-19 02:56:25,2025-10-21 02:56:25,Delivered
297,862,2025-09-29 02:56:25,,Pending
298,320,2025-10-29 02:56:25,2025-11-02 02:56:25,Delivered
299,588,2025-09-12 02:56:25,2025-09-12 02:56:25,Cancelled
300,679,2025-10-04 02:56:25,2025-10-05 02:56:25,Shipped
301,918,2025-10-31 02:56:25,2025-10-31 02:56:25,Cancelled
302,142,2025-10-29 02:56:25,,Pending
303,472,2025-11-03 02:56:25,2025-11-03 02:56:25,Cancelled
304,92,2025-10-31 02:56:25,,Pending
305,599,2025-09-11 02:56:25,2025-09-14 02:56:25,Shipped
306,441,2025-10-01 02:56:25,,Pending
307,479,2025-09-30 02:56:25,,Pending
308,169,2025-09-23 02:56:25,2025-09-23 02:56:25,Cancelled
309,292,2025-10-18 02:56:25,2025-10-21 02:56:25,Shipped
310,154,2025-11-03 02:56:25,2025-11-03 02:56:25,Cancelled
311,397,2025-09-21 02:56:25,2025-09-26 02:56:25,Delivered
312,359,2025-10-12 02:56:25,2025-10-17 02:56:25,Delivered
313,895,2025-09-27 02:56:25,,Pending
314,790,2025-11-06 02:56:25,,Pending
315,486,2025-10-30 02:56:25,2025-11-01 02:56:25,Shipped
316,516,2025-11-03 02:56:25,2025-11-04 02:56:25,Shipped
317,466,2025-10-20 02:56:25,,Pending
318,420,2025-10-31 02:56:25,,Pending
319,21,2025-10-01 02:56:25,2025-10-01 02:56:25,Cancelled
320,386,2025-10-14 02:56:25,2025-10-14 02:56:25,Cancelled
321,290,2025-09-29 02:56:25,,Pending
322,729,2025-09-30 02:56:25,2025-10-03 02:56:25,Delivered
323,134,2025-10-03 02:56:25,,Pending
324,497,2025-10-08 02:56:25,2025-10-13 02:56:25,Delivered
325,482,2025-10-21 02:56:25,2025-10-21 02:56:25,Cancelled
326,344,2025-09-30 02:56:25,2025-10-03 02:56:25,Shipped
327,436,2025-09-21 02:56:25,2025-09-23 02:56:25,Delivered
328,620,2025-10-12 02:56:25,,Pending
329,365,2025-09-15 02:56:25,2025-09-20 02:56:25,Delivered
330,804,2025-10-28 02:56:25,2025-11-01 02:56:25,Delivered
331,146,2025-10-04 02:56:25,2025-10-04 02:56:25,Cancelled
332,513,2025-10-15 02:56:25,2025-10-15 02:56:25,Cancelled
333,438,2025-10-17 02:56:25,2025-10-17 02:56:25,Cancelled
334,282,2025-09-27 02:56:25,,Pending
335,704,2025-10-13 02:56:25,,Pending
336,621,2025-10-11 02:56:25,2025-10-16 02:56:25,Delivered
337,863,2025-11-02 02:56:25,,Pending
338,510,2025-09-22 02:56:25,2025-09-25 02:56:25,Shipped
339,800,2025-10-20 02:56:25,,Pending
340,565,2025-09-24 02:56:25,,Pending
341,855,2025-09-29 02:56:25,2025-09-29 02:56:25,Cancelled
342,843,2025-10-10 02:56:25,2025-10-10 02:56:25,Cancelled
343,665,2025-10-06 02:56:25,2025-10-09 02:56:25,Shipped
344,907,2025-10-08 02:56:25,2025-10-08 02:56:25,Cancelled
345,434,2025-10-24 02:56:25,2025-10-24 02:56:25,Cancelled
346,407,2025-10-21 02:56:25,2025-10-21 02:56:25,Cancelled
347,837,2025-10-04 02:56:25,2025-10-05 02:56:25,Delivered
348,317,2025-09-10 02:56:25,2025-09-14 02:56:25,Delivered
349,247,2025-09-15 02:56:25,2025-09-19 02:56:25,Delivered
350,505,2025-10-05 02:56:25,,Pending
351,854,2025-09-10 02:56:25,,Pending
352,200,2025-09-10 02:56:25,2025-09-13 02:56:25,Delivered
353,185,2025-09-19 02:56:25,2025-09-19 02:56:25,Cancelled
354,219,2025-10-24 02:56:25,,Pending
355,940,2025-10-12 02:56:25,2025-10-12 02:56:25,Cancelled
356,946,2025-09-25 02:56:25,,Pending
357,752,2025-10-05 02:56:25,2025-10-10 02:56:25,Delivered
358,488,2025-09-13 02:56:25,2025-09-13 02:56:25,Cancelled
359,928,2025-10-05 02:56:25,2025-10-07 02:56:25,Shipped
360,799,2025-09-15 02:56:25,2025-09-17 02:56:25,Shipped
361,900,2025-09-28 02:56:25,2025-09-28 02:56:25,Cancelled
362,452,2025-09-19 02:56:25,,Pending
363,785,2025-09-20 02:56:25,2025-09-23 02:56:25,Shipped
364,276,2025-10-29 02:56:25,2025-11-03 02:56:25,Delivered
365,874,2025-10-25 02:56:25,2025-10-25 02:56:25,Cancelled
366,37,2025-09-24 02:56:25,2025-09-25 02:56:25,Shipped
367,112,2025-10-03 02:56:25,,Pending
368,500,2025-10-20 02:56:25,2025-10-20 02:56:25,Cancelled
369,31,2025-09-13 02:56:25,2025-09-17 02:56:25,Delivered
370,430,2025-09-20 02:56:25,2025-09-20 02:56:25,Cancelled
371,607,2025-10-13 02:56:25,2025-10-13 02:56:25,Cancelled
372,810,2025-09-22 02:56:25,2025-09-24 02:56:25,Shipped
373,904,2025-10-11 02:56:25,2025-10-12 02:56:25,Shipped
374,242,2025-10-20 02:56:25,2025-10-20 02:56:25,Cancelled
375,845,2025-10-13 02:56:25,2025-10-14 02:56:25,Delivered
376,207,2025-09-21 02:56:25,2025-09-26 02:56:25,Delivered
377,737,2025-10-23 02:56:25,2025-10-23 02:56:25,Cancelled
378,745,2025-10-25 02:56:25,2025-10-25 02:56:25,Cancelled
379,733,2025-09-25 02:56:25,2025-09-25 02:56:25,Cancelled
380,807,2025-10-22 02:56:25,2025-10-27 02:56:25,Delivered
381,429,2025-10-18 02:56:25,2025-10-18 02:56:25,Cancelled
382,354,2025-11-07 02:56:25,2025-11-09 02:56:25,Delivered
383,938,2025-10-01 02:56:25,2025-10-01 02:56:25,Cancelled
384,456,2025-10-19 02:56:25,2025-10-19 02:56:25,Cancelled
385,212,2025-10-31 02:56:25,2025-11-04 02:56:25,Delivered
386,559,2025-10-04 02:56:25,2025-10-04 02:56:25,Cancelled
387,760,2025-09-28 02:56:25,2025-09-28 02:56:25,Cancelled
388,791,2025-10-18 02:56:25,2025-10-21 02:56:25,Shipped
389,289,2025-09-12 02:56:25,2025-09-13 02:56:25,Delivered
390,914,2025-10-14 02:56:25,,Pending
391,368,2025-09-14 02:56:25,2025-09-14 02:56:25,Cancelled
392,654,2025-10-01 02:56:25,2025-10-03 02:56:25,Shipped
393,60,2025-10-19 02:56:25,,Pending
394,690,2025-10-23 02:56:25,2025-10-26 02:56:25,Delivered
395,769,2025-10-22 02:56:25,2025-10-22 02:56:25,Cancelled
396,816,2025-10-29 02:56:25,2025-11-03 02:56:25,Delivered
397,562,2025-10-30 02:56:25,2025-11-03 02:56:25,Delivered
398,701,2025-11-09 02:56:25,,Pending
399,158,2025-11-03 02:56:25,,Pending
400,176,2025-09-29 02:56:25,2025-10-01 02:56:25,Delivered
401,616,2025-09-13 02:56:25,2025-09-13 02:56:25,Cancelled
402,827,2025-09-05 02:56:25,,Pending
403,144,2025-10-27 02:56:25,2025-10-30 02:56:25,Shipped
404,536,2025-10-06 02:56:25,,Pending
405,708,2025-09-12 02:56:25,2025-09-13 02:56:25,Delivered
406,215,2025-09-17 02:56:25,2025-09-20 02:56:25,Delivered
407,91,2025-10-15 02:56:25,2025-10-16 02:56:25,Shipped
408,597,2025-09-22 02:56:25,2025-09-22 02:56:25,Cancelled
409,444,2025-09-24 02:56:25,2025-09-25 02:56:25,Shipped
410,603,2025-10-24 02:56:25,,Pending
411,384,2025-09-12 02:56:25,2025-09-12 02:56:25,Cancelled
412,906,2025-10-11 02:56:25,2025-10-13 02:56:25,Shipped
413,71,2025-11-11 02:56:25,2025-11-12 02:56:25,Shipped
414,84,2025-10-20 02:56:25,2025-10-24 02:56:25,Delivered
415,201,2025-09-12 02:56:25,,Pending
416,614,2025-10-30 02:56:25,2025-11-04 02:56:25,Delivered
417,228,2025-09-30 02:56:25,,Pending
418,278,2025-10-16 02:56:25,2025-10-21 02:56:25,Delivered
419,243,2025-10-12 02:56:25,2025-10-12 02:56:25,Cancelled
420,740,2025-09-28 02:56:25,2025-09-28 02:56:25,Cancelled
421,102,2025-10-27 02:56:25,2025-10-29 02:56:25,Shipped
422,768,2025-10-24 02:56:25,,Pending
423,66,2025-09-20 02:56:25,2025-09-20 02:56:25,Cancelled
424,748,2025-11-05 02:56:25,2025-11-10 02:56:25,Delivered
425,598,2025-11-02 02:56:25,2025-11-03 02:56:25,Delivered
426,886,2025-10-29 02:56:25,2025-10-30 02:56:25,Delivered
427,836,2025-09-27 02:56:25,,Pending
428,402,2025-10-21 02:56:25,2025-10-21 02:56:25,Cancelled
429,179,2025-10-31 02:56:25,2025-11-03 02:56:25,Shipped
430,570,2025-10-20 02:56:25,2025-10-23 02:56:25,Shipped
431,755,2025-10-31 02:56:25,2025-11-02 02:56:25,Delivered
432,262,2025-10-23 02:56:25,,Pending
433,735,2025-10-01 02:56:25,2025-10-01 02:56:25,Cancelled
434,672,2025-10-07 02:56:25,2025-10-09 02:56:25,Delivered
435,229,2025-09-28 02:56:25,2025-10-01 02:56:25,Delivered
436,817,2025-09-18 02:56:25,2025-09-19 02:56:25,Shipped
437,714,2025-10-22 02:56:25,2025-10-27 02:56:25,Delivered
438,869,2025-09-18 02:56:25,2025-09-20 02:56:25,Delivered
439,413,2025-09-13 02:56:25,2025-09-13 02:56:25,Cancelled
440,707,2025-10-04 02:56:25,2025-10-05 02:56:25,Delivered
441,464,2025-09-11 02:56:25,,Pending
442,932,2025-10-19 02:56:25,2025-10-22 02:56:25,Shipped
443,526,2025-11-06 02:56:25,2025-11-07 02:56:25,Delivered
444,279,2025-11-07 02:56:25,,Pending
445,713,2025-09-12 02:56:25,,Pending
446,511,2025-10-02 02:56:25,2025-10-05 02:56:25,Delivered
447,216,2025-09-17 02:56:25,2025-09-17 02:56:25,Cancelled
448,339,2025-10-30 02:56:25,,Pending
449,74,2025-09-13 02:56:25,2025-09-13 02:56:25,Cancelled
450,385,2025-10-01 02:56:25,2025-10-06 02:56:25,Delivered
451,847,2025-09-29 02:56:25,,Pending
452,937,2025-10-16 02:56:25,2025-10-20 02:56:25,Delivered
453,16,2025-09-21 02:56:25,2025-09-22 02:56:25,Shipped
454,285,2025-09-25 02:56:25,2025-09-29 02:56:25,Delivered
455,546,2025-10-17 02:56:25,,Pending
456,398,2025-09-29 02:56:25,2025-10-01 02:56:25,Shipped
457,295,2025-10-21 02:56:25,2025-10-26 02:56:25,Delivered
458,264,2025-10-27 02:56:25,2025-10-29 02:56:25,Shipped
459,949,2025-09-18 02:56:25,2025-09-18 02:56:25,Cancelled
460,924,2025-10-05 02:56:25,2025-10-05 02:56:25,Cancelled
461,481,2025-09-09 02:56:25,,Pending
462,494,2025-10-27 02:56:25,2025-10-29 02:56:25,Shipped
463,313,2025-09-29 02:56:25,2025-10-01 02:56:25,Shipped
464,868,2025-09-27 02:56:25,2025-10-02 02:56:25,Delivered
465,88,2025-10-08 02:56:25,,Pending
466,507,2025-10-30 02:56:25,2025-11-01 02:56:25,Delivered
467,864,2025-09-15 02:56:25,2025-09-15 02:56:25,Cancelled
468,423,2025-10-21 02:56:25,2025-10-24 02:56:25,Shipped
469,462,2025-11-03 02:56:25,,Pending
470,545,2025-09-17 02:56:25,2025-09-19 02:56:25,Delivered
471,46,2025-10-21 02:56:25,2025-10-22 02:56:25,Shipped
472,561,2025-10-22 02:56:25,2025-10-25 02:56:25,Shipped
473,237,2025-10-28 02:56:25,2025-10-30 02:56:25,Shipped
474,177,2025-10-10 02:56:25,,Pending
475,850,2025-10-27 02:56:25,2025-10-28 02:56:25,Shipped
476,556,2025-10-03 02:56:25,2025-10-05 02:56:25,Delivered
477,676,2025-10-27 02:56:25,,Pending
478,197,2025-09-23 02:56:25,,Pending
479,306,2025-10-20 02:56:25,2025-10-23 02:56:25,Shipped
480,275,2025-10-16 02:56:25,,Pending
481,106,2025-11-04 02:56:25,2025-11-05 02:56:25,Delivered
482,314,2025-10-31 02:56:25,2025-10-31 02:56:25,Cancelled
483,281,2025-11-04 02:56:25,,Pending
484,818,2025-11-03 02:56:25,2025-11-03 02:56:25,Cancelled
485,45,2025-10-23 02:56:25,2025-10-28 02:56:25,Delivered
486,919,2025-09-28 02:56:25,,Pending
487,649,2025-09-10 02:56:25,2025-09-13 02:56:25,Shipped
488,722,2025-09-14 02:56:25,2025-09-18 02:56:25,Delivered
489,230,2025-10-26 02:56:25,,Pending
490,270,2025-09-21 02:56:25,2025-09-21 02:56:25,Cancelled
491,87,2025-09-25 02:56:25,,Pending
492,543,2025-10-31 02:56:25,2025-10-31 02:56:25,Cancelled
493,240,2025-10-02 02:56:25,,Pending
494,772,2025-11-04 02:56:25,2025-11-05 02:56:25,Shipped
495,851,2025-09-14 02:56:25,2025-09-19 02:56:25,Delivered
496,694,2025-11-10 02:56:25,2025-11-14 02:56:25,Delivered
497,315,2025-10-02 02:56:25,2025-10-06 02:56:25,Delivered
498,473,2025-09-19 02:56:25,2025-09-19 02:56:25,Cancelled
499,394,2025-10-27 02:56:25,,Pending
500,792,2025-09-27 02:56:25,2025-09-29 02:56:25,Shipped
501,682,2025-10-01 02:56:25,2025-10-03 02:56:25,Shipped
502,80,2025-09-23 02:56:25,2025-09-23 02:56:25,Cancelled
503,939,2025-10-10 02:56:25,2025-10-10 02:56:25,Cancelled
504,61,2025-09-11 02:56:25,2025-09-15 02:56:25,Delivered
505,232,2025-10-30 02:56:25,2025-11-02 02:56:25,Delivered
506,415,2025-10-18 02:56:25,2025-10-18 02:56:25,Cancelled
507,663,2025-09-11 02:56:25,,Pending
508,2,2025-09-21 02:56:25,,Pending
509,530,2025-09-24 02:56:25,,Pending
510,865,2025-09-25 02:56:25,2025-09-28 02:56:25,Shipped
511,521,2025-11-01 02:56:25,2025-11-02 02:56:25,Delivered
512,613,2025-09-26 02:56:25,2025-09-30 02:56:25,Delivered
513,571,2025-10-27 02:56:25,2025-11-01 02:56:25,Delivered
514,347,2025-10-22 02:56:25,2025-10-23 02:56:25,Delivered
515,673,2025-10-18 02:56:25,2025-10-19 02:56:25,Shipped
516,226,2025-10-28 02:56:25,2025-10-29 02:56:25,Shipped
517,631,2025-09-23 02:56:25,2025-09-24 02:56:25,Delivered
518,100,2025-10-19 02:56:25,2025-10-21 02:56:25,Shipped
519,582,2025-11-03 02:56:25,,Pending
520,303,2025-09-27 02:56:25,2025-09-28 02:56:25,Delivered
521,762,2025-09-12 02:56:25,2025-09-15 02:56:25,Delivered
522,22,2025-10-05 02:56:25,2025-10-06 02:56:25,Delivered
523,328,2025-10-30 02:56:25,2025-11-02 02:56:25,Shipped
524,860,2025-10-06 02:56:25,,Pending
525,166,2025-09-08 02:56:25,,Pending
526,934,2025-10-10 02:56:25,2025-10-12 02:56:25,Shipped
527,388,2025-10-21 02:56:25,2025-10-21 02:56:25,Cancelled
528,403,2025-10-04 02:56:25,2025-10-06 02:56:25,Shipped
529,518,2025-10-24 02:56:25,2025-10-29 02:56:25,Delivered
530,267,2025-09-12 02:56:25,,Pending
531,826,2025-09-28 02:56:25,2025-09-29 02:56:25,Shipped
532,741,2025-10-18 02:56:25,,Pending
533,751,2025-09-20 02:56:25,2025-09-24 02:56:25,Delivered
534,781,2025-10-21 02:56:25,2025-10-21 02:56:25,Cancelled
535,271,2025-09-22 02:56:25,2025-09-22 02:56:25,Cancelled
536,372,2025-09-14 02:56:25,2025-09-16 02:56:25,Delivered
537,193,2025-11-10 02:56:25,,Pending
538,98,2025-09-22 02:56:25,2025-09-22 02:56:25,Cancelled
539,20,2025-10-22 02:56:25,2025-10-27 02:56:25,Delivered
540,47,2025-10-05 02:56:25,2025-10-06 02:56:25,Delivered
541,514,2025-09-06 02:56:25,2025-09-06 02:56:25,Cancelled
542,353,2025-10-22 02:56:25,,Pending
543,686,2025-10-10 02:56:25,2025-10-12 02:56:25,Shipped
544,65,2025-09-25 02:56:25,2025-09-27 02:56:25,Shipped
545,519,2025-09-18 02:56:25,2025-09-19 02:56:25,Delivered
546,225,2025-10-25 02:56:25,2025-10-25 02:56:25,Cancelled
547,287,2025-09-15 02:56:25,2025-09-16 02:56:25,Shipped
548,815,2025-10-04 02:56:25,2025-10-07 02:56:25,Shipped
549,69,2025-09-14 02:56:25,2025-09-15 02:56:25,Delivered
550,765,2025-10-07 02:56:25,,Pending
551,326,2025-10-11 02:56:25,,Pending
552,617,2025-09-10 02:56:25,,Pending
553,391,2025-10-05 02:56:25,2025-10-05 02:56:25,Cancelled
554,191,2025-09-19 02:56:25,2025-09-19 02:56:25,Cancelled
555,538,2025-10-06 02:56:25,2025-10-07 02:56:25,Delivered
556,222,2025-10-08 02:56:25,,Pending
557,227,2025-11-03 02:56:25,2025-11-06 02:56:25,Shipped
558,758,2025-10-14 02:56:25,2025-10-15 02:56:25,Delivered
559,124,2025-10-13 02:56:25,,Pending
560,15,2025-10-27 02:56:25,2025-10-27 02:56:25,Cancelled
561,808,2025-10-06 02:56:25,2025-10-06 02:56:25,Cancelled
562,182,2025-10-28 02:56:25,,Pending
563,89,2025-09-19 02:56:25,2025-09-22 02:56:25,Delivered
564,203,2025-09-28 02:56:25,2025-09-30 02:56:25,Delivered
565,245,2025-09-21 02:56:25,,Pending
566,445,2025-09-15 02:56:25,2025-09-17 02:56:25,Shipped
567,811,2025-10-04 02:56:25,2025-10-05 02:56:25,Shipped
568,81,2025-09-20 02:56:25,2025-09-22 02:56:25,Shipped
569,878,2025-10-09 02:56:25,2025-10-12 02:56:25,Shipped
570,651,2025-10-19 02:56:25,,Pending
571,440,2025-10-11 02:56:25,2025-10-11 02:56:25,Cancelled
572,358,2025-10-24 02:56:25,2025-10-24 02:56:25,Cancelled
573,301,2025-10-16 02:56:25,2025-10-19 02:56:25,Delivered
574,794,2025-09-16 02:56:25,2025-09-16 02:56:25,Cancelled
575,145,2025-10-28 02:56:25,2025-10-28 02:56:25,Cancelled
576,14,2025-10-30 02:56:25,2025-11-02 02:56:25,Delivered
577,880,2025-10-26 02:56:25,,Pending
578,527,2025-10-05 02:56:25,,Pending
579,119,2025-10-25 02:56:25,2025-10-25 02:56:25,Cancelled
580,355,2025-10-17 02:56:25,,Pending
581,905,2025-10-11 02:56:25,2025-10-14 02:56:25,Delivered
582,159,2025-09-29 02:56:25,,Pending
583,390,2025-10-28 02:56:25,2025-10-28 02:56:25,Cancelled
584,256,2025-10-05 02:56:25,,Pending
585,288,2025-09-18 02:56:25,2025-09-20 02:56:25,Shipped
586,437,2025-09-23 02:56:25,2025-09-23 02:56:25,Cancelled
587,699,2025-09-28 02:56:25,2025-09-29 02:56:25,Shipped
588,183,2025-10-25 02:56:25,,Pending
589,534,2025-10-16 02:56:25,,Pending
590,736,2025-10-26 02:56:25,2025-10-27 02:56:25,Shipped
591,732,2025-10-29 02:56:25,2025-10-29 02:56:25,Cancelled
592,273,2025-11-07 02:56:25,2025-11-09 02:56:25,Shipped
593,192,2025-10-02 02:56:25,2025-10-06 02:56:25,Delivered
594,196,2025-10-31 02:56:25,2025-11-05 02:56:25,Delivered
595,552,2025-09-14 02:56:25,2025-09-15 02:56:25,Delivered
596,738,2025-10-14 02:56:25,,Pending
597,371,2025-10-18 02:56:25,2025-10-18 02:56:25,Cancelled
598,636,2025-10-01 02:56:25,2025-10-06 02:56:25,Delivered
599,626,2025-09-30 02:56:25,2025-10-01 02:56:25,Delivered
600,618,2025-10-11 02:56:25,2025-10-13 02:56:25,Shipped
601,866,2025-10-18 02:56:25,2025-10-18 02:56:25,Cancelled
602,120,2025-10-05 02:56:25,,Pending
603,911,2025-10-21 02:56:25,2025-10-21 02:56:25,Cancelled
604,835,2025-10-04 02:56:25,2025-10-07 02:56:25,Shipped
605,58,2025-10-17 02:56:25,,Pending
606,220,2025-09-10 02:56:25,2025-09-11 02:56:25,Delivered
607,8,2025-10-17 02:56:25,2025-10-19 02:56:25,Delivered
608,632,2025-09-17 02:56:25,2025-09-21 02:56:25,Delivered
609,156,2025-09-12 02:56:25,2025-09-13 02:56:25,Shipped
610,260,2025-10-10 02:56:25,,Pending
611,96,2025-10-04 02:56:25,,Pending
612,763,2025-10-26 02:56:25,,Pending
613,716,2025-09-13 02:56:25,2025-09-16 02:56:25,Shipped
614,401,2025-10-31 02:56:25,2025-11-01 02:56:25,Shipped
615,522,2025-10-08 02:56:25,2025-10-11 02:56:25,Shipped
616,680,2025-10-12 02:56:25,,Pending
617,693,2025-10-17 02:56:25,2025-10-19 02:56:25,Delivered
618,116,2025-10-02 02:56:25,2025-10-06 02:56:25,Delivered
619,316,2025-10-26 02:56:25,2025-10-28 02:56:25,Shipped
620,221,2025-10-22 02:56:25,2025-10-24 02:56:25,Shipped
621,170,2025-11-04 02:56:25,2025-11-04 02:56:25,Cancelled
622,68,2025-10-29 02:56:25,2025-11-02 02:56:25,Delivered
623,852,2025-10-20 02:56:25,2025-10-20 02:56:25,Cancelled
624,43,2025-09-12 02:56:25,2025-09-15 02:56:25,Shipped
625,728,2025-09-13 02:56:25,2025-09-14 02:56:25,Delivered
626,189,2025-10-28 02:56:25,2025-11-02 02:56:25,Delivered
627,548,2025-09-05 02:56:25,,Pending
628,531,2025-10-21 02:56:25,,Pending
629,188,2025-10-15 02:56:25,2025-10-19 02:56:25,Delivered
630,902,2025-09-27 02:56:25,2025-09-29 02:56:25,Shipped
631,633,2025-10-13 02:56:25,2025-10-15 02:56:25,Shipped
632,775,2025-10-30 02:56:25,,Pending
633,51,2025-10-11 02:56:25,,Pending
634,194,2025-10-08 02:56:25,2025-10-10 02:56:25,Delivered
635,48,2025-10-22 02:56:25,,Pending
636,887,2025-09-16 02:56:25,2025-09-17 02:56:25,Shipped
637,248,2025-09-29 02:56:25,,Pending
638,433,2025-10-04 02:56:25,2025-10-05 02:56:25,Shipped
639,753,2025-10-13 02:56:25,2025-10-17 02:56:25,Delivered
640,509,2025-10-23 02:56:25,2025-10-23 02:56:25,Cancelled
641,793,2025-10-03 02:56:25,,Pending
642,576,2025-09-05 02:56:25,,Pending
643,460,2025-09-15 02:56:25,2025-09-16 02:56:25,Shipped
644,298,2025-11-06 02:56:25,2025-11-06 02:56:25,Cancelled
645,44,2025-10-22 02:56:25,2025-10-24 02:56:25,Delivered
646,187,2025-09-18 02:56:25,,Pending
647,424,2025-09-28 02:56:25,2025-09-30 02:56:25,Shipped
648,25,2025-09-15 02:56:25,2025-09-15 02:56:25,Cancelled
649,564,2025-09-26 02:56:25,,Pending
650,590,2025-11-09 02:56:25,,Pending
651,323,2025-10-27 02:56:25,2025-10-30 02:56:25,Shipped
652,724,2025-10-03 02:56:25,2025-10-07 02:56:25,Delivered
653,942,2025-10-10 02:56:25,2025-10-12 02:56:25,Delivered
654,241,2025-09-26 02:56:25,2025-09-26 02:56:25,Cancelled
655,173,2025-09-29 02:56:25,,Pending
656,373,2025-11-05 02:56:25,2025-11-06 02:56:25,Delivered
657,340,2025-09-16 02:56:25,,Pending
658,885,2025-09-29 02:56:25,2025-09-29 02:56:25,Cancelled
659,9,2025-10-24 02:56:25,2025-10-24 02:56:25,Cancelled
660,798,2025-11-02 02:56:25,2025-11-03 02:56:25,Delivered
661,118,2025-10-03 02:56:25,,Pending
662,834,2025-10-07 02:56:25,2025-10-10 02:56:25,Shipped
663,377,2025-10-14 02:56:25,2025-10-16 02:56:25,Delivered
664,167,2025-09-14 02:56:25,2025-09-19 02:56:25,Delivered
665,610,2025-10-26 02:56:25,2025-10-29 02:56:25,Shipped
666,644,2025-09-15 02:56:25,2025-09-15 02:56:25,Cancelled
667,915,2025-09-18 02:56:25,2025-09-19 02:56:25,Shipped
668,761,2025-10-31 02:56:25,,Pending
669,730,2025-10-25 02:56:25,2025-10-26 02:56:25,Shipped
670,152,2025-09-11 02:56:25,,Pending
671,788,2025-09-23 02:56:25,2025-09-28 02:56:25,Delivered
672,698,2025-10-04 02:56:25,2025-10-04 02:56:25,Cancelled
673,128,2025-11-05 02:56:25,,Pending
674,677,2025-09-10 02:56:25,2025-09-13 02:56:25,Delivered
675,470,2025-10-19 02:56:25,2025-10-22 02:56:25,Delivered
676,204,2025-09-09 02:56:25,2025-09-13 02:56:25,Delivered
677,233,2025-10-18 02:56:25,2025-10-18 02:56:25,Cancelled
678,280,2025-10-20 02:56:25,2025-10-22 02:56:25,Delivered
679,446,2025-10-31 02:56:25,2025-10-31 02:56:25,Cancelled
680,520,2025-10-31 02:56:25,2025-11-01 02:56:25,Delivered
681,190,2025-10-13 02:56:25,,Pending
682,646,2025-11-02 02:56:25,2025-11-05 02:56:25,Shipped
683,667,2025-10-23 02:56:25,2025-10-24 02:56:25,Delivered
684,432,2025-09-19 02:56:25,2025-09-22 02:56:25,Delivered
685,302,2025-10-11 02:56:25,2025-10-11 02:56:25,Cancelled
686,580,2025-09-24 02:56:25,2025-09-24 02:56:25,Cancelled
687,873,2025-09-10 02:56:25,2025-09-10 02:56:25,Cancelled
688,819,2025-10-13 02:56:25,2025-10-13 02:56:25,Cancelled
689,17,2025-10-31 02:56:25,2025-11-05 02:56:25,Delivered
690,11,2025-11-06 02:56:25,2025-11-07 02:56:25,Delivered
691,238,2025-09-15 02:56:25,2025-09-15 02:56:25,Cancelled
692,601,2025-11-02 02:56:25,2025-11-03 02:56:25,Shipped
693,710,2025-11-03 02:56:25,2025-11-03 02:56:25,Cancelled
694,75,2025-09-19 02:56:25,2025-09-20 02:56:25,Shipped
695,832,2025-09-26 02:56:25,2025-09-29 02:56:25,Delivered
696,747,2025-09-09 02:56:25,,Pending
697,660,2025-11-01 02:56:25,2025-11-04 02:56:25,Shipped
698,356,2025-10-12 02:56:25,2025-10-15 02:56:25,Delivered
699,624,2025-10-09 02:56:25,,Pending
700,947,2025-10-13 02:56:25,2025-10-16 02:56:25,Shipped
701,474,2025-11-04 02:56:25,2025-11-04 02:56:25,Cancelled
702,453,2025-09-15 02:56:25,2025-09-17 02:56:25,Delivered
703,820,2025-09-25 02:56:25,,Pending
704,211,2025-10-12 02:56:25,2025-10-12 02:56:25,Cancelled
705,334,2025-09-23 02:56:25,2025-09-23 02:56:25,Cancelled
706,59,2025-10-08 02:56:25,,Pending
707,812,2025-11-01 02:56:25,2025-11-05 02:56:25,Delivered
708,400,2025-10-20 02:56:25,2025-10-24 02:56:25,Delivered
709,307,2025-09-26 02:56:25,,Pending
710,181,2025-10-06 02:56:25,,Pending
711,709,2025-10-14 02:56:25,2025-10-17 02:56:25,Shipped
712,13,2025-10-24 02:56:25,,Pending
713,805,2025-09-15 02:56:25,2025-09-16 02:56:25,Delivered
714,465,2025-09-30 02:56:25,2025-10-03 02:56:25,Delivered
715,57,2025-09-06 02:56:25,2025-09-08 02:56:25,Shipped
716,157,2025-10-28 02:56:25,2025-10-29 02:56:25,Shipped
717,884,2025-10-15 02:56:25,2025-10-16 02:56:25,Shipped
718,592,2025-09-15 02:56:25,,Pending
719,363,2025-10-07 02:56:25,2025-10-11 02:56:25,Delivered
720,448,2025-09-22 02:56:25,2025-09-25 02:56:25,Shipped
721,551,2025-09-05 02:56:25,,Pending
722,345,2025-10-24 02:56:25,2025-10-24 02:56:25,Cancelled
723,568,2025-10-19 02:56:25,2025-10-19 02:56:25,Cancelled
724,894,2025-09-29 02:56:25,,Pending
725,117,2025-10-18 02:56:25,2025-10-19 02:56:25,Delivered
726,235,2025-10-05 02:56:25,2025-10-05 02:56:25,Cancelled
727,754,2025-10-07 02:56:25,2025-10-09 02:56:25,Delivered
728,824,2025-10-30 02:56:25,2025-10-31 02:56:25,Shipped
729,638,2025-09-17 02:56:25,,Pending
730,64,2025-10-05 02:56:25,2025-10-07 02:56:25,Shipped
731,239,2025-10-05 02:56:25,2025-10-07 02:56:25,Shipped
732,822,2025-09-16 02:56:25,2025-09-21 02:56:25,Delivered
733,408,2025-10-19 02:56:25,,Pending
734,378,2025-10-31 02:56:25,2025-11-03 02:56:25,Shipped
735,662,2025-10-06 02:56:25,2025-10-08 02:56:25,Delivered
736,259,2025-10-01 02:56:25,,Pending
737,678,2025-09-26 02:56:25,2025-09-29 02:56:25,Shipped
738,414,2025-10-17 02:56:25,2025-10-18 02:56:25,Shipped
739,637,2025-10-01 02:56:25,2025-10-06 02:56:25,Delivered
740,876,2025-11-02 02:56:25,,Pending
741,310,2025-10-15 02:56:25,,Pending
742,499,2025-11-06 02:56:25,2025-11-08 02:56:25,Delivered
743,86,2025-11-08 02:56:25,2025-11-08 02:56:25,Cancelled
744,553,2025-10-20 02:56:25,,Pending
745,79,2025-09-25 02:56:25,2025-09-28 02:56:25,Delivered
746,5,2025-09-17 02:56:25,2025-09-20 02:56:25,Shipped
747,756,2025-10-30 02:56:25,2025-11-03 02:56:25,Delivered
748,875,2025-09-09 02:56:25,,Pending
749,661,2025-09-30 02:56:25,2025-09-30 02:56:25,Cancelled
750,703,2025-10-24 02:56:25,2025-10-24 02:56:25,Cancelled
751,856,2025-09-25 02:56:25,2025-09-27 02:56:25,Shipped
752,272,2025-09-18 02:56:25,2025-09-20 02:56:25,Shipped
753,829,2025-09-26 02:56:25,2025-09-30 02:56:25,Delivered
754,653,2025-09-08 02:56:25,2025-09-13 02:56:25,Delivered
755,101,2025-10-23 02:56:25,,Pending
756,889,2025-11-04 02:56:25,2025-11-06 02:56:25,Shipped
757,417,2025-10-16 02:56:25,2025-10-20 02:56:25,Delivered
758,540,2025-11-05 02:56:25,2025-11-06 02:56:25,Shipped
759,567,2025-10-17 02:56:25,2025-10-21 02:56:25,Delivered
760,483,2025-10-04 02:56:25,2025-10-04 02:56:25,Cancelled
761,744,2025-09-20 02:56:25,2025-09-22 02:56:25,Shipped
762,172,2025-11-04 02:56:25,2025-11-06 02:56:25,Delivered
763,602,2025-10-21 02:56:25,2025-10-21 02:56:25,Cancelled
764,29,2025-10-17 02:56:25,2025-10-17 02:56:25,Cancelled
765,705,2025-09-16 02:56:25,2025-09-20 02:56:25,Delivered
766,76,2025-10-17 02:56:25,,Pending
767,30,2025-10-27 02:56:25,2025-10-27 02:56:25,Cancelled
768,503,2025-09-13 02:56:25,2025-09-16 02:56:25,Shipped
769,109,2025-11-05 02:56:25,,Pending
770,525,2025-09-18 02:56:25,2025-09-22 02:56:25,Delivered
771,199,2025-10-06 02:56:25,2025-10-06 02:56:25,Cancelled
772,263,2025-09-27 02:56:25,,Pending
773,375,2025-09-15 02:56:25,2025-09-15 02:56:25,Cancelled
774,702,2025-10-31 02:56:25,2025-11-03 02:56:25,Delivered
775,349,2025-10-12 02:56:25,2025-10-13 02:56:25,Delivered
776,418,2025-09-20 02:56:25,,Pending
777,870,2025-10-25 02:56:25,2025-10-27 02:56:25,Shipped
778,641,2025-10-10 02:56:25,2025-10-11 02:56:25,Delivered
779,550,2025-11-01 02:56:25,2025-11-01 02:56:25,Cancelled
780,141,2025-10-18 02:56:25,2025-10-23 02:56:25,Delivered
781,202,2025-10-18 02:56:25,,Pending
782,217,2025-09-18 02:56:25,,Pending
783,882,2025-10-08 02:56:25,2025-10-11 02:56:25,Delivered
784,833,2025-10-16 02:56:25,2025-10-18 02:56:25,Delivered
785,251,2025-10-02 02:56:25,2025-10-02 02:56:25,Cancelled
786,308,2025-10-26 02:56:25,,Pending
787,766,2025-09-10 02:56:25,,Pending
788,381,2025-10-31 02:56:25,2025-11-04 02:56:25,Delivered
789,579,2025-10-21 02:56:25,2025-10-21 02:56:25,Cancelled
790,923,2025-10-25 02:56:25,2025-10-27 02:56:25,Shipped
791,130,2025-10-02 02:56:25,2025-10-04 02:56:25,Delivered
792,409,2025-09-24 02:56:25,2025-09-29 02:56:25,Delivered
793,325,2025-10-05 02:56:25,2025-10-05 02:56:25,Cancelled
794,691,2025-10-03 02:56:25,2025-10-07 02:56:25,Delivered
795,606,2025-10-21 02:56:25,2025-10-24 02:56:25,Delivered
796,508,2025-10-02 02:56:25,2025-10-02 02:56:25,Cancelled
797,107,2025-09-29 02:56:25,2025-09-30 02:56:25,Delivered
798,554,2025-10-24 02:56:25,2025-10-24 02:56:25,Cancelled
799,195,2025-10-27 02:56:25,2025-10-30 02:56:25,Shipped
800,502,2025-09-26 02:56:25,2025-09-26 02:56:25,Cancelled
801,581,2025-10-20 02:56:25,2025-10-20 02:56:25,Cancelled
802,321,2025-10-26 02:56:25,2025-10-27 02:56:25,Shipped
803,612,2025-10-25 02:56:25,,Pending
804,684,2025-10-26 02:56:25,,Pending
805,162,2025-10-01 02:56:25,2025-10-05 02:56:25,Delivered
806,787,2025-09-10 02:56:25,2025-09-10 02:56:25,Cancelled
807,103,2025-10-21 02:56:25,2025-10-21 02:56:25,Cancelled
808,286,2025-09-14 02:56:25,2025-09-14 02:56:25,Cancelled
809,209,2025-10-03 02:56:25,2025-10-06 02:56:25,Shipped
810,395,2025-11-05 02:56:25,2025-11-09 02:56:25,Delivered
811,846,2025-11-05 02:56:25,2025-11-05 02:56:25,Cancelled
812,125,2025-10-09 02:56:25,2025-10-11 02:56:25,Shipped
813,871,2025-09-26 02:56:25,2025-10-01 02:56:25,Delivered
814,647,2025-10-20 02:56:25,2025-10-25 02:56:25,Delivered
815,764,2025-10-01 02:56:25,2025-10-02 02:56:25,Shipped
816,544,2025-09-11 02:56:25,2025-09-13 02:56:25,Delivered
817,33,2025-11-02 02:56:25,2025-11-04 02:56:25,Delivered
818,63,2025-09-22 02:56:25,2025-09-26 02:56:25,Delivered
819,789,2025-10-16 02:56:25,2025-10-19 02:56:25,Delivered
820,809,2025-09-30 02:56:25,2025-09-30 02:56:25,Cancelled
821,369,2025-09-09 02:56:25,2025-09-11 02:56:25,Delivered
822,950,2025-10-19 02:56:25,,Pending
823,346,2025-10-04 02:56:25,,Pending
824,706,2025-10-10 02:56:25,2025-10-10 02:56:25,Cancelled
825,342,2025-10-16 02:56:25,2025-10-16 02:56:25,Cancelled
826,319,2025-09-13 02:56:25,2025-09-16 02:56:25,Shipped
827,450,2025-10-19 02:56:25,2025-10-21 02:56:25,Delivered
828,140,2025-10-16 02:56:25,2025-10-17 02:56:25,Shipped
829,648,2025-10-23 02:56:25,2025-10-26 02:56:25,Shipped
830,838,2025-10-01 02:56:25,,Pending
831,539,2025-10-27 02:56:25,2025-10-27 02:56:25,Cancelled
832,351,2025-10-29 02:56:25,2025-10-29 02:56:25,Cancelled
833,867,2025-09-04 02:56:25,2025-09-05 02:56:25,Shipped
834,879,2025-09-12 02:56:25,2025-09-14 02:56:25,Shipped
835,891,2025-10-15 02:56:25,2025-10-15 02:56:25,Cancelled
836,160,2025-10-22 02:56:25,2025-10-25 02:56:25,Delivered
837,174,2025-11-01 02:56:25,,Pending
838,184,2025-10-11 02:56:25,2025-10-14 02:56:25,Shipped
839,291,2025-10-14 02:56:25,2025-10-16 02:56:25,Shipped
840,115,2025-10-17 02:56:25,,Pending
841,692,2025-10-30 02:56:25,2025-10-30 02:56:25,Cancelled
842,718,2025-10-30 02:56:25,2025-10-31 02:56:25,Delivered
843,24,2025-09-15 02:56:25,2025-09-20 02:56:25,Delivered
844,300,2025-09-19 02:56:25,,Pending
845,770,2025-10-19 02:56:25,2025-10-23 02:56:25,Delivered
846,35,2025-10-10 02:56:25,2025-10-10 02:56:25,Cancelled
847,948,2025-10-12 02:56:25,2025-10-12 02:56:25,Cancelled
848,583,2025-10-14 02:56:25,2025-10-15 02:56:25,Shipped
849,504,2025-10-16 02:56:25,2025-10-19 02:56:25,Shipped
850,941,2025-09-11 02:56:25,2025-09-13 02:56:25,Delivered
851,127,2025-10-23 02:56:25,2025-10-26 02:56:25,Delivered
852,671,2025-11-05 02:56:25,2025-11-06 02:56:25,Shipped
853,888,2025-10-16 02:56:25,2025-10-16 02:56:25,Cancelled
854,360,2025-10-04 02:56:25,2025-10-05 02:56:25,Delivered
855,38,2025-09-18 02:56:25,,Pending
856,913,2025-10-05 02:56:25,2025-10-07 02:56:25,Shipped
857,416,2025-11-06 02:56:25,2025-11-07 02:56:25,Shipped
858,95,2025-11-01 02:56:25,2025-11-01 02:56:25,Cancelled
859,642,2025-11-03 02:56:25,2025-11-03 02:56:25,Cancelled
860,83,2025-11-04 02:56:25,2025-11-07 02:56:25,Delivered
861,586,2025-10-31 02:56:25,,Pending
862,39,2025-09-13 02:56:25,2025-09-15 02:56:25,Delivered
863,266,2025-09-15 02:56:25,,Pending
864,218,2025-09-24 02:56:25,2025-09-26 02:56:25,Delivered
865,575,2025-10-11 02:56:25,2025-10-12 02:56:25,Delivered
866,640,2025-09-19 02:56:25,2025-09-24 02:56:25,Delivered
867,62,2025-11-03 02:56:25,2025-11-04 02:56:25,Shipped
868,357,2025-09-17 02:56:25,2025-09-19 02:56:25,Shipped
869,463,2025-09-21 02:56:25,2025-09-25 02:56:25,Delivered
870,743,2025-11-03 02:56:25,2025-11-03 02:56:25,Cancelled
871,451,2025-10-31 02:56:25,2025-11-01 02:56:25,Shipped
872,547,2025-10-25 02:56:25,,Pending
873,927,2025-09-11 02:56:25,2025-09-11 02:56:25,Cancelled
874,18,2025-11-01 02:56:25,2025-11-02 02:56:25,Delivered
875,387,2025-09-19 02:56:25,,Pending
876,675,2025-09-15 02:56:25,2025-09-18 02:56:25,Shipped
877,268,2025-10-10 02:56:25,2025-10-11 02:56:25,Shipped
878,1,2025-09-12 02:56:25,2025-09-12 02:56:25,Cancelled
879,427,2025-09-08 02:56:25,2025-09-11 02:56:25,Shipped
880,257,2025-10-11 02:56:25,2025-10-11 02:56:25,Cancelled
881,523,2025-10-09 02:56:25,2025-10-09 02:56:25,Cancelled
882,139,2025-10-13 02:56:25,2025-10-13 02:56:25,Cancelled
883,495,2025-09-17 02:56:25,2025-09-17 02:56:25,Cancelled
884,774,2025-10-25 02:56:25,,Pending
885,681,2025-11-09 02:56:25,2025-11-09 02:56:25,Cancelled
886,625,2025-09-30 02:56:25,,Pending
887,535,2025-10-18 02:56:25,2025-10-19 02:56:25,Delivered
888,442,2025-10-24 02:56:25,,Pending
889,67,2025-10-15 02:56:25,2025-10-15 02:56:25,Cancelled
890,168,2025-11-02 02:56:25,,Pending
891,634,2025-10-19 02:56:25,,Pending
892,318,2025-10-22 02:56:25,2025-10-22 02:56:25,Cancelled
893,153,2025-09-23 02:56:25,2025-09-27 02:56:25,Delivered
894,178,2025-10-06 02:56:25,2025-10-09 02:56:25,Shipped
895,205,2025-09-10 02:56:25,2025-09-14 02:56:25,Delivered
896,374,2025-09-22 02:56:25,2025-09-22 02:56:25,Cancelled
897,72,2025-09-28 02:56:25,,Pending
898,657,2025-09-20 02:56:25,2025-09-23 02:56:25,Shipped
899,828,2025-10-30 02:56:25,,Pending
900,113,2025-09-19 02:56:25,2025-09-19 02:56:25,Cancelled
901,393,2025-09-14 02:56:25,2025-09-17 02:56:25,Shipped
902,609,2025-10-28 02:56:25,,Pending
903,859,2025-09-14 02:56:25,2025-09-18 02:56:25,Delivered
904,844,2025-09-20 02:56:25,2025-09-20 02:56:25,Cancelled
905,206,2025-10-13 02:56:25,2025-10-13 02:56:25,Cancelled
906,584,2025-10-16 02:56:25,2025-10-18 02:56:25,Shipped
907,258,2025-10-15 02:56:25,2025-10-17 02:56:25,Shipped
908,305,2025-09-13 02:56:25,,Pending
909,490,2025-10-17 02:56:25,2025-10-17 02:56:25,Cancelled
910,412,2025-10-08 02:56:25,,Pending
911,231,2025-10-17 02:56:25,2025-10-18 02:56:25,Shipped
912,469,2025-09-24 02:56:25,,Pending
913,664,2025-09-18 02:56:25,,Pending
914,164,2025-09-14 02:56:25,,Pending
915,749,2025-09-17 02:56:25,2025-09-17 02:56:25,Cancelled
916,143,2025-09-16 02:56:25,2025-09-17 02:56:25,Shipped
917,898,2025-09-11 02:56:25,2025-09-13 02:56:25,Delivered
918,901,2025-10-26 02:56:25,2025-10-31 02:56:25,Delivered
919,687,2025-09-16 02:56:25,2025-09-18 02:56:25,Delivered
920,890,2025-09-26 02:56:25,2025-09-29 02:56:25,Shipped
921,163,2025-11-07 02:56:25,2025-11-09 02:56:25,Shipped
922,129,2025-11-06 02:56:25,2025-11-07 02:56:25,Delivered
923,6,2025-09-26 02:56:25,2025-09-29 02:56:25,Shipped
924,767,2025-09-15 02:56:25,2025-09-15 02:56:25,Cancelled
925,771,2025-10-07 02:56:25,2025-10-11 02:56:25,Delivered
926,175,2025-11-05 02:56:25,2025-11-09 02:56:25,Delivered
927,246,2025-09-24 02:56:25,2025-09-26 02:56:25,Shipped
928,461,2025-10-01 02:56:25,2025-10-04 02:56:25,Shipped
929,19,2025-10-08 02:56:25,2025-10-09 02:56:25,Shipped
930,604,2025-11-04 02:56:25,2025-11-06 02:56:25,Shipped
931,872,2025-09-18 02:56:25,2025-09-18 02:56:25,Cancelled
932,797,2025-09-10 02:56:25,2025-09-12 02:56:25,Shipped
933,528,2025-10-03 02:56:25,2025-10-05 02:56:25,Delivered
934,148,2025-11-04 02:56:25,,Pending
935,727,2025-11-07 02:56:25,2025-11-08 02:56:25,Delivered
936,484,2025-09-16 02:56:25,2025-09-17 02:56:25,Shipped
937,892,2025-09-15 02:56:25,2025-09-15 02:56:25,Cancelled
938,213,2025-10-06 02:56:25,,Pending
939,689,2025-10-09 02:56:25,2025-10-12 02:56:25,Shipped
940,223,2025-10-12 02:56:25,2025-10-14 02:56:25,Shipped
941,137,2025-09-06 02:56:25,2025-09-09 02:56:25,Delivered
942,404,2025-10-25 02:56:25,2025-10-26 02:56:25,Shipped
943,823,2025-09-29 02:56:25,2025-09-29 02:56:25,Cancelled
944,734,2025-10-31 02:56:25,2025-11-02 02:56:25,Shipped
945,236,2025-10-29 02:56:25,2025-11-01 02:56:25,Delivered
946,674,2025-10-17 02:56:25,2025-10-17 02:56:25,Cancelled
947,496,2025-11-05 02:56:25,2025-11-08 02:56:25,Delivered
948,777,2025-10-08 02:56:25,2025-10-13 02:56:25,Delivered
949,265,2025-09-29 02:56:25,2025-09-29 02:56:25,Cancelled
950,133,2025-10-15 02:56:25,2025-10-15 02:56:25,Cancelled
