order_id,customer_id,eval_set,order_number,order_dow,order_hour_of_day,days_since_prior_order
490717,134,prior,1,0,0,
18064,136,train,12,0,1,30.0
2495112,195,prior,8,0,1,28.0
2137210,98,prior,23,0,2,8.0
1650049,123,prior,6,0,2,30.0
1048724,23,prior,3,0,0,30.0
458149,78,prior,61,0,3,14.0
2185219,4,prior,23,0,1,14.0
2514417,80,train,11,0,2,18.0
3176881,73,prior,27,0,4,30.0
1468237,173,prior,12,0,4,30.0
2629225,59,prior,13,0,0,8.0
2472237,7,prior,9,0,1,7.0
2489206,149,prior,10,0,5,4.0
2949112,17,prior,5,0,3,13.0
1922383,115,prior,41,0,0,4.0
1721499,86,prior,14,0,2,16.0
1218089,76,prior,1,0,1,
2623697,42,prior,5,0,5,8.0
2234576,120,prior,1,0,1,
755425,96,prior,4,0,1,14.0
23725,183,prior,3,0,1,30.0
1356601,28,prior,3,0,4,10.0
2437204,8,prior,13,0,0,5.0
1225122,32,prior,6,0,0,6.0
3166558,129,prior,1,0,1,
638191,145,prior,57,0,1,7.0
2974834,104,prior,13,0,1,7.0
1996455,29,prior,16,0,1,7.0
2763365,187,prior,4,0,1,18.0
874647,106,prior,76,0,1,4.0
752812,189,prior,6,0,0,10.0
1419053,124,prior,4,0,3,12.0
2860782,72,prior,29,0,1,3.0
1610833,74,prior,41,0,0,2.0
452763,104,prior,15,0,11,13.0
1017852,149,prior,16,0,11,19.0
2289372,102,prior,8,0,10,30.0
964593,100,prior,18,0,10,7.0
2716197,183,prior,3,0,11,2.0
1103328,128,prior,9,0,8,10.0
1768253,5,prior,19,0,8,30.0
878539,139,prior,6,0,10,30.0
2552410,14,prior,3,0,11,30.0
1581652,80,prior,13,0,11,10.0
1518497,138,prior,22,0,8,5.0
868598,131,prior,16,0,11,9.0
2651138,30,prior,3,0,11,5.0
583135,11,prior,29,0,11,7.0
2160271,196,prior,16,0,11,7.0
2210853,70,prior,20,0,10,22.0
407127,65,prior,5,0,11,9.0
461293,111,test,14,0,9,30.0
1670613,75,prior,6,0,9,22.0
2283237,83,prior,6,0,11,8.0
3365205,51,prior,2,0,10,6.0
3123851,18,prior,3,0,10,10.0
1950399,37,train,7,0,10,30.0
2059606,100,prior,9,0,8,6.0
1945464,196,prior,4,0,10,4.0
1740561,93,prior,5,0,10,29.0
940231,56,test,16,0,10,17.0
3384442,58,prior,1,0,9,
2553883,147,prior,9,0,7,7.0
2352914,71,prior,1,0,10,
2375887,99,prior,23,0,11,9.0
1908768,153,train,6,0,8,22.0
857132,184,prior,43,0,10,5.0
1031105,9,prior,19,0,9,8.0
1755058,11,prior,3,0,11,18.0
481525,39,prior,11,0,13,9.0
113285,74,prior,4,0,17,8.0
185308,49,prior,7,0,16,30.0
197729,6,prior,7,0,13,13.0
1859175,155,prior,9,0,14,5.0
1165171,192,prior,6,0,12,30.0
1649980,138,prior,5,0,12,13.0
1832853,78,prior,54,0,12,30.0
2124526,113,prior,6,0,15,7.0
2961974,89,prior,5,0,12,30.0
2605390,4,prior,13,0,12,21.0
3187249,20,prior,26,0,16,1.0
1621659,84,prior,1,0,15,
2373742,165,prior,1,0,13,
750247,174,prior,2,0,12,13.0
3282570,72,prior,20,0,13,22.0
1344622,185,prior,35,0,13,7.0
2356319,169,prior,4,0,13,1.0
142909,54,prior,2,0,12,13.0
117875,63,prior,5,0,16,5.0
2192678,55,prior,10,0,17,30.0
199461,199,prior,1,0,12,
377052,71,prior,2,0,15,30.0
608857,120,prior,1,0,15,
1133228,170,prior,12,0,16,7.0
1017596,25,prior,7,0,17,7.0
2048361,198,prior,7,0,12,30.0
3096351,6,prior,3,0,17,7.0
285575,87,prior,42,0,12,7.0
3037109,182,prior,31,0,16,7.0
188789,66,train,8,0,15,30.0
2757977,147,prior,6,0,12,7.0
565517,69,prior,6,0,15,20.0
2080221,96,prior,30,0,15,6.0
1511744,133,prior,41,0,17,23.0
2909363,23,prior,19,0,21,14.0
197502,56,prior,12,0,20,0.0
2233973,131,prior,22,0,18,18.0
1855789,98,prior,3,0,20,30.0
2100338,190,prior,46,0,19,7.0
1470324,31,prior,10,0,23,8.0
473494,143,prior,4,0,18,30.0
2895447,136,prior,4,0,18,8.0
1130853,121,prior,12,0,19,13.0
1627126,54,prior,1,0,18,
3202279,47,prior,4,0,21,7.0
1810533,17,train,9,0,18,7.0
196467,168,prior,12,0,18,8.0
3356078,149,prior,82,0,22,4.0
2529209,65,prior,22,0,22,7.0
3291489,17,prior,9,0,20,7.0
445620,169,prior,26,0,23,5.0
2347009,28,prior,54,0,21,6.0
2118033,80,prior,13,0,21,0.0
2033298,168,prior,24,0,20,9.0
2720180,123,prior,5,0,20,14.0
2449949,49,prior,9,0,18,20.0
2880864,34,prior,11,0,18,6.0
1524072,195,prior,10,0,18,21.0
1917117,116,prior,3,0,18,8.0
1209313,109,train,48,0,20,30.0
1597062,147,prior,2,0,21,7.0
1274283,152,prior,62,0,19,4.0
3161092,1,prior,14,0,22,3.0
155866,190,prior,1,0,22,
1848523,129,prior,1,0,20,
183308,118,prior,21,0,18,13.0
2778267,166,prior,9,0,22,5.0
1295865,44,prior,1,0,19,
684900,148,prior,1,0,19,
1117146,32,prior,12,1,4,10.0
1709650,183,prior,3,1,5,17.0
405198,156,prior,41,1,2,11.0
1282521,78,test,7,1,0,19.0
2651914,109,prior,6,1,1,30.0
2776103,87,prior,35,1,0,14.0
3017447,106,prior,2,1,0,30.0
1293993,132,train,5,1,5,30.0
445599,172,train,4,1,0,9.0
2457006,187,prior,5,1,0,30.0
3399711,78,prior,7,1,1,7.0
1149283,60,prior,6,1,2,17.0
2157191,157,prior,1,1,1,
3199600,43,prior,2,1,1,7.0
1161493,170,prior,15,1,5,18.0
1017674,122,train,12,1,3,3.0
83592,35,prior,14,1,0,14.0
1006852,27,prior,2,1,5,11.0
2089983,141,prior,14,1,1,8.0
1250640,65,prior,29,1,0,8.0
878770,168,prior,11,1,0,28.0
250605,79,prior,19,1,4,8.0
1137127,30,prior,11,1,3,1.0
664271,62,prior,7,1,0,30.0
2272193,33,prior,14,1,2,10.0
1059036,166,test,4,1,0,9.0
2546078,19,prior,26,1,4,3.0
1378201,1,prior,10,1,2,13.0
3334244,44,prior,5,1,0,21.0
2984519,172,prior,77,1,0,12.0
1566814,148,prior,17,1,0,18.0
1994458,155,prior,20,1,0,2.0
903033,148,prior,4,1,3,30.0
6629,13,prior,8,1,2,13.0
2233482,26,prior,6,1,3,5.0
2374593,43,prior,31,1,11,3.0
7332,33,prior,8,1,9,12.0
1620383,99,prior,7,1,7,6.0
878157,116,prior,42,1,10,4.0
3127246,178,prior,8,1,11,12.0
285906,63,prior,42,1,11,2.0
3054769,141,prior,26,1,9,11.0
1099551,89,prior,16,1,9,7.0
3099876,119,prior,53,1,11,4.0
1599709,133,prior,1,1,10,
598052,160,prior,14,1,10,1.0
1718468,164,prior,14,1,10,1.0
1151851,119,prior,9,1,9,7.0
1166316,53,prior,9,1,10,9.0
247216,155,prior,15,1,9,8.0
2218142,175,prior,1,1,10,
2746567,89,prior,3,1,7,30.0
120723,27,prior,31,1,8,2.0
155390,49,prior,13,1,10,6.0
2372276,182,prior,6,1,7,14.0
510134,138,test,25,1,11,3.0
3060944,48,prior,10,1,7,14.0
825034,32,prior,50,1,9,7.0
519683,159,prior,14,1,9,7.0
3177112,184,prior,4,1,11,30.0
3376594,61,prior,1,1,8,
927430,163,prior,4,1,8,6.0
156189,62,prior,3,1,10,12.0
1808601,100,prior,5,1,10,8.0
415180,3,prior,8,1,9,20.0
966568,24,prior,5,1,11,11.0
368948,36,prior,32,1,10,7.0
871891,97,prior,2,1,7,27.0
1184732,6,prior,60,1,11,6.0
3270026,127,prior,11,1,11,0.0
1058862,104,prior,3,1,12,6.0
3399231,116,prior,45,1,13,10.0
1172053,69,prior,31,1,16,6.0
3215077,160,prior,15,1,17,5.0
2979023,83,prior,3,1,15,14.0
7728,26,prior,6,1,16,2.0
365775,122,prior,5,1,14,7.0
2753774,112,prior,24,1,17,6.0
514572,129,train,12,1,16,30.0
1884218,36,prior,14,1,15,3.0
174059,12,prior,1,1,13,
1781590,25,prior,2,1,14,30.0
883324,194,prior,2,1,15,8.0
931741,36,prior,9,1,14,30.0
490698,16,prior,10,1,15,30.0
307257,32,prior,4,1,12,30.0
1319062,25,prior,15,1,12,6.0
1070008,135,prior,48,1,12,1.0
1356725,94,prior,53,1,13,0.0
1180023,101,prior,7,1,15,14.0
2503795,146,prior,46,1,13,5.0
444511,93,prior,4,1,15,7.0
324340,131,prior,8,1,16,2.0
2743881,102,prior,5,1,14,9.0
571801,173,prior,10,1,15,9.0
2298878,53,prior,4,1,14,4.0
2877075,33,prior,55,1,14,6.0
2062573,25,prior,1,1,16,
2336672,127,prior,7,1,15,30.0
1515659,103,prior,11,1,17,7.0
2972532,85,prior,3,1,15,13.0
728553,107,train,5,1,15,9.0
571806,185,prior,13,1,13,15.0
416252,173,prior,2,1,16,20.0
2652408,33,train,8,1,15,25.0
2202876,171,prior,10,1,20,1.0
1610209,161,prior,9,1,19,6.0
1925449,56,prior,2,1,21,8.0
805603,158,train,4,1,21,30.0
3164503,38,prior,32,1,20,11.0
2750149,75,prior,35,1,21,6.0
3043577,134,prior,11,1,18,30.0
3160580,128,prior,12,1,18,26.0
1553817,105,prior,18,1,19,4.0
1351590,135,prior,3,1,19,30.0
3406208,174,prior,5,1,21,4.0
1283951,111,prior,25,1,18,2.0
1770611,92,prior,35,1,20,3.0
2499636,133,prior,2,1,20,0.0
426061,80,prior,57,1,20,6.0
347394,127,prior,5,1,18,7.0
140712,193,prior,2,1,18,3.0
145286,189,prior,3,1,22,12.0
1505122,124,prior,54,1,22,2.0
1500329,13,prior,26,1,21,7.0
1068991,163,prior,4,1,18,2.0
1011257,159,prior,3,1,18,18.0
1442242,1,prior,3,1,19,15.0
391827,163,prior,1,1,20,
2645563,75,prior,69,1,21,1.0
1803794,76,prior,16,1,21,9.0
2583042,101,train,9,1,18,30.0
1210973,63,prior,1,1,23,
805676,8,prior,12,1,18,30.0
1759449,30,prior,28,1,22,7.0
1711351,82,prior,21,1,18,0.0
728807,129,prior,1,1,18,
1252820,166,prior,3,1,19,11.0
2501671,113,prior,5,1,19,13.0
2834330,132,prior,4,1,18,22.0
2959837,195,prior,3,2,1,15.0
412674,58,prior,19,2,0,9.0
2958500,25,prior,97,2,4,4.0
1255939,34,prior,9,2,3,3.0
1001285,81,test,9,2,2,30.0
2945383,179,prior,26,2,4,29.0
3011809,72,prior,12,2,2,10.0
1612439,102,test,8,2,0,15.0
3024054,26,prior,9,2,1,6.0
1774881,137,prior,34,2,1,19.0
1430372,123,prior,4,2,0,8.0
1229149,45,test,4,2,4,30.0
453283,84,test,64,2,0,7.0
561643,28,prior,41,2,4,4.0
1505427,40,prior,17,2,5,16.0
2407073,97,prior,6,2,2,6.0
2788755,4,prior,5,2,0,3.0
1406376,45,prior,3,2,0,16.0
2135823,132,prior,9,2,0,30.0
1387876,148,prior,2,2,1,2.0
33979,159,prior,7,2,3,14.0
2657210,11,prior,2,2,0,10.0
125697,119,train,8,2,5,23.0
3023849,193,prior,3,2,0,23.0
3400306,73,prior,39,2,0,5.0
3215232,75,prior,25,2,1,5.0
1092243,79,prior,12,2,4,9.0
2193253,161,prior,78,2,5,2.0
2588570,189,prior,3,2,1,15.0
144837,159,train,22,2,1,30.0
534231,165,prior,29,2,3,5.0
1674153,128,prior,1,2,3,
1129272,185,test,12,2,5,30.0
361352,39,prior,8,2,0,30.0
2266714,92,prior,2,2,0,30.0
1571286,93,prior,13,2,10,28.0
1733967,137,prior,32,2,11,3.0
629078,71,prior,22,2,11,6.0
1640294,185,test,10,2,10,25.0
1005382,12,prior,2,2,9,5.0
580961,181,prior,22,2,9,8.0
1406509,32,prior,6,2,7,4.0
1246956,62,prior,6,2,9,4.0
3348931,199,prior,67,2,11,1.0
3001260,37,prior,15,2,7,7.0
1758717,15,prior,14,2,11,5.0
1857677,96,prior,31,2,7,4.0
1644809,200,prior,2,2,10,14.0
1503289,50,prior,20,2,10,12.0
70864,94,prior,18,2,8,1.0
1365724,87,prior,1,2,8,
998669,75,prior,11,2,7,7.0
2785798,5,prior,30,2,8,4.0
489413,44,prior,24,2,9,7.0
1802267,164,prior,2,2,10,28.0
1749856,11,prior,13,2,9,7.0
1186778,53,prior,4,2,11,9.0
1558009,59,prior,99,2,8,3.0
2104408,141,test,7,2,11,7.0
2349521,93,prior,1,2,8,
1269265,108,prior,24,2,9,1.0
3038922,161,prior,22,2,9,6.0
554437,35,prior,14,2,10,7.0
1849152,102,prior,9,2,11,6.0
1565228,107,prior,22,2,9,6.0
964081,185,prior,32,2,9,1.0
2668939,182,prior,18,2,9,11.0
2352514,40,prior,25,2,10,5.0
3216596,56,prior,88,2,9,3.0
1840811,112,prior,41,2,8,14.0
3021570,120,prior,14,2,17,1.0
2099476,23,prior,8,2,12,16.0
3191757,72,prior,3,2,12,30.0
3167229,139,prior,12,2,14,8.0
2526634,189,prior,11,2,15,4.0
3389244,98,prior,16,2,13,8.0
1551038,41,prior,29,2,14,0.0
1443104,80,prior,20,2,14,8.0
3156018,7,prior,10,2,16,3.0
1083203,99,prior,1,2,17,
862059,9,prior,4,2,16,5.0
1816251,69,prior,13,2,16,18.0
3189126,130,prior,16,2,14,12.0
731267,93,prior,23,2,17,15.0
684298,63,prior,39,2,15,0.0
777212,25,prior,2,2,13,30.0
2397297,182,train,23,2,14,7.0
2715049,90,train,19,2,15,24.0
2882276,46,prior,37,2,13,6.0
1420201,123,test,23,2,15,14.0
1761016,31,prior,73,2,13,1.0
976141,89,train,4,2,15,30.0
3020973,146,prior,5,2,17,30.0
3382430,22,prior,26,2,15,7.0
1607621,98,prior,17,2,12,3.0
2982004,55,prior,81,2,15,1.0
927640,68,prior,5,2,16,5.0
3261931,36,prior,48,2,17,7.0
149223,98,prior,1,2,14,
417493,175,prior,35,2,15,3.0
1808594,60,prior,9,2,17,24.0
132908,159,prior,13,2,15,14.0
1522950,27,prior,5,2,15,30.0
2287290,15,prior,27,2,12,8.0
3048630,39,prior,8,2,14,5.0
3388230,76,prior,47,2,22,16.0
845797,82,prior,1,2,18,
3175717,73,prior,8,2,19,5.0
745551,160,prior,25,2,18,2.0
2830990,70,prior,15,2,22,9.0
2869841,95,prior,23,2,18,5.0
2809059,79,prior,2,2,19,9.0
3044374,132,prior,10,2,18,5.0
1521473,8,prior,29,2,20,2.0
1231416,73,prior,1,2,19,
2069718,148,train,14,2,19,14.0
1614578,72,prior,27,2,23,0.0
754129,161,prior,2,2,18,5.0
2068831,155,prior,3,2,19,30.0
2910511,23,prior,7,2,18,30.0
3001544,125,prior,14,2,23,30.0
995921,173,prior,33,2,21,1.0
3420560,49,prior,34,2,20,5.0
1293154,147,prior,14,2,20,5.0
2492015,61,prior,3,2,22,30.0
207957,167,prior,21,2,19,6.0
2633520,45,prior,6,2,20,30.0
2938503,130,prior,16,2,18,4.0
3070602,55,prior,10,2,18,20.0
2084540,30,prior,45,2,18,2.0
2662486,34,prior,8,2,18,9.0
592384,42,prior,9,2,20,24.0
646135,152,prior,13,2,18,30.0
2344322,119,prior,17,2,22,6.0
3116271,164,prior,36,2,19,12.0
537436,3,prior,11,2,20,4.0
1943989,100,prior,2,2,23,9.0
2673622,31,prior,66,2,22,0.0
760841,196,prior,12,2,23,3.0
360186,84,prior,2,2,23,22.0
2236809,36,prior,45,3,4,6.0
1581827,43,prior,44,3,0,3.0
2275892,169,prior,4,3,5,27.0
1360436,1,prior,10,3,2,6.0
3388744,150,prior,29,3,0,9.0
247736,106,prior,43,3,1,4.0
315871,74,prior,11,3,0,10.0
732557,10,prior,94,3,0,1.0
2333025,149,prior,10,3,1,9.0
814654,193,prior,69,3,0,1.0
935437,15,prior,18,3,0,6.0
852109,22,prior,2,3,0,6.0
2838753,44,prior,1,3,1,
400362,27,prior,40,3,5,2.0
2936924,72,prior,42,3,0,9.0
235389,39,prior,22,3,2,13.0
2879453,146,prior,24,3,1,11.0
2260963,65,prior,3,3,5,8.0
3305242,166,prior,30,3,0,3.0
3148713,200,prior,7,3,1,10.0
1424396,199,prior,33,3,1,9.0
662044,97,prior,8,3,0,3.0
2124176,56,prior,31,3,0,6.0
2891186,148,prior,13,3,0,11.0
885311,31,prior,8,3,2,16.0
2818869,52,prior,8,3,0,8.0
2558303,65,prior,31,3,2,2.0
814895,177,prior,2,3,3,17.0
3080071,98,prior,4,3,2,7.0
2730803,162,prior,14,3,2,30.0
3237191,41,prior,4,3,0,7.0
1485087,100,prior,2,3,0,30.0
2672345,157,prior,12,3,0,4.0
1640584,1,prior,1,3,1,
1503732,172,train,27,3,4,16.0
1896447,18,prior,53,3,10,5.0
952350,109,prior,21,3,11,7.0
2729685,58,prior,17,3,9,7.0
1842939,190,prior,3,3,9,3.0
763840,39,prior,17,3,9,30.0
1172245,116,prior,10,3,9,7.0
252562,9,prior,3,3,8,30.0
1365093,135,prior,11,3,10,4.0
3176717,184,prior,4,3,10,28.0
1990406,15,train,12,3,11,8.0
43015,93,prior,5,3,10,22.0
967985,59,prior,1,3,9,
2025714,119,prior,10,3,8,6.0
1407772,178,prior,6,3,10,2.0
1012034,46,prior,8,3,8,2.0
892362,196,prior,2,3,6,30.0
3198525,133,train,25,3,11,13.0
635900,53,train,11,3,10,14.0
1746434,104,prior,11,3,11,30.0
1784134,180,prior,21,3,9,1.0
1070536,8,prior,1,3,7,
3236662,194,prior,14,3,7,30.0
338829,54,prior,4,3,11,13.0
1837020,116,prior,3,3,10,13.0
3220866,69,prior,15,3,9,15.0
1511379,130,prior,3,3,10,26.0
1639087,132,prior,7,3,11,15.0
2024419,81,prior,21,3,8,8.0
159341,175,prior,19,3,11,1.0
2082310,50,prior,13,3,10,21.0
831267,197,prior,22,3,9,3.0
655729,137,prior,40,3,10,7.0
3371477,62,test,6,3,10,30.0
3180167,48,prior,11,3,10,14.0
2053826,54,prior,6,3,11,13.0
2577450,76,prior,9,3,13,8.0
725691,40,prior,18,3,12,6.0
1054035,24,prior,56,3,16,0.0
927631,200,prior,3,3,13,9.0
408059,73,prior,7,3,16,14.0
1074893,26,prior,33,3,14,3.0
961834,53,prior,17,3,13,1.0
3080759,76,prior,83,3,12,2.0
159327,64,prior,50,3,17,1.0
187614,150,train,44,3,15,9.0
2470882,67,prior,5,3,15,15.0
2762843,123,prior,40,3,14,16.0
816290,24,prior,28,3,12,2.0
905481,181,prior,7,3,17,15.0
337625,190,prior,7,3,14,2.0
2011785,8,prior,3,3,14,5.0
840769,47,prior,2,3,16,30.0
2942645,112,prior,19,3,13,20.0
3184328,19,prior,10,3,13,26.0
2644747,190,prior,24,3,17,13.0
1078281,195,prior,30,3,14,4.0
1680929,10,prior,3,3,13,9.0
1400745,62,prior,7,3,17,30.0
3005482,181,prior,12,3,17,17.0
2597965,119,prior,97,3,15,4.0
287281,140,prior,11,3,13,2.0
2120646,46,train,15,3,12,24.0
212427,6,prior,16,3,12,7.0
822997,101,prior,3,3,16,30.0
1487540,23,prior,11,3,13,5.0
2520758,55,prior,16,3,14,5.0
3910,123,prior,3,3,16,6.0
1917378,31,prior,21,3,16,30.0
3225109,65,prior,10,3,16,6.0
1876701,19,prior,22,3,14,9.0
2309543,73,prior,1,3,18,
2124338,101,prior,4,3,19,30.0
1206397,2,prior,1,3,19,
2572640,10,prior,3,3,22,13.0
810924,134,prior,4,3,18,0.0
2378224,107,prior,18,3,19,8.0
392547,179,prior,8,3,18,5.0
2171341,34,prior,16,3,22,30.0
1045566,190,prior,57,3,18,8.0
2918240,103,prior,11,3,18,4.0
77811,179,prior,3,3,18,3.0
1124128,138,prior,1,3,20,
3211155,98,prior,9,3,19,29.0
610963,172,prior,4,3,18,30.0
1836472,164,train,4,3,21,30.0
1370836,77,prior,75,3,22,1.0
1426098,145,prior,27,3,20,6.0
1865875,138,prior,1,3,22,
897004,10,prior,36,3,22,2.0
3103078,12,prior,38,3,21,4.0
2859278,156,prior,27,3,20,3.0
2882234,153,prior,4,3,23,6.0
2971781,164,prior,9,3,19,30.0
915749,153,prior,11,3,21,5.0
1306653,129,prior,2,3,20,19.0
707430,187,prior,12,3,19,23.0
380593,51,prior,2,3,18,4.0
70692,114,prior,14,3,20,24.0
162871,172,prior,12,3,19,6.0
1853866,168,prior,9,3,18,22.0
1227118,43,prior,4,3,19,11.0
2624149,23,prior,2,3,21,30.0
233299,23,prior,21,3,18,12.0
1868044,172,prior,18,3,18,0.0
810350,150,prior,48,3,21,2.0
981943,159,prior,11,4,1,4.0
3068090,92,prior,36,4,1,6.0
240080,23,prior,42,4,0,3.0
2932476,127,prior,15,4,5,3.0
1107698,65,prior,9,4,4,11.0
2344334,12,prior,2,4,0,18.0
1385304,127,prior,9,4,2,0.0
701227,198,prior,1,4,1,
1949123,51,prior,34,4,0,3.0
783751,45,prior,2,4,1,11.0
813782,99,prior,52,4,0,1.0
2899962,160,prior,5,4,5,30.0
454616,111,prior,1,4,4,
41118,192,prior,1,4,2,
3044397,91,prior,4,4,1,7.0
674013,137,prior,7,4,1,8.0
345196,79,prior,34,4,0,9.0
740287,116,prior,26,4,4,4.0
858919,93,prior,42,4,5,4.0
1587183,132,prior,7,4,1,0.0
3053676,11,prior,5,4,3,5.0
300780,5,prior,11,4,0,29.0
3271501,136,prior,1,4,3,
2484246,160,prior,4,4,0,9.0
1568165,54,prior,60,4,0,11.0
1246848,117,prior,2,4,5,8.0
1034616,52,prior,18,4,1,3.0
3008208,43,prior,12,4,2,11.0
537698,85,prior,3,4,4,30.0
39167,32,prior,14,4,5,6.0
3277352,83,prior,17,4,5,9.0
1907383,5,prior,5,4,4,7.0
438131,99,prior,20,4,1,30.0
1231634,70,prior,8,4,2,11.0
3388727,21,prior,20,4,4,18.0
592548,80,prior,22,4,11,3.0
1384275,104,prior,33,4,11,3.0
880204,153,prior,23,4,9,30.0
994609,111,prior,32,4,8,5.0
1565016,61,prior,11,4,11,24.0
2654838,181,prior,99,4,11,6.0
676339,3,prior,4,4,9,7.0
1928176,159,prior,6,4,9,4.0
2822562,178,prior,17,4,11,20.0
2801159,42,prior,82,4,7,2.0
926752,124,prior,21,4,11,10.0
707210,115,prior,2,4,10,30.0
724631,53,prior,52,4,9,2.0
2042281,163,prior,9,4,9,15.0
2833755,155,prior,36,4,9,3.0
1299068,176,prior,20,4,9,4.0
2411349,2,prior,24,4,8,1.0
2368123,63,prior,21,4,9,3.0
299480,9,test,39,4,9,30.0
2345175,146,prior,19,4,8,2.0
3233364,36,prior,4,4,10,30.0
442159,142,prior,9,4,11,9.0
3403656,119,prior,21,4,11,2.0
3145330,179,prior,16,4,9,6.0
202728,133,prior,38,4,11,3.0
779407,137,prior,1,4,7,
8437,66,prior,14,4,8,3.0
2384971,22,prior,12,4,9,30.0
583173,33,prior,11,4,8,27.0
882830,160,prior,28,4,11,4.0
376436,193,prior,16,4,11,3.0
2922134,164,prior,10,4,9,7.0
2744842,72,prior,3,4,11,12.0
1420294,59,prior,16,4,11,3.0
1882828,106,prior,8,4,7,9.0
2594094,86,prior,15,4,12,3.0
2642186,30,prior,17,4,17,30.0
428708,111,prior,67,4,17,15.0
1081075,26,prior,67,4,12,3.0
779758,105,prior,1,4,17,
631652,56,prior,3,4,16,7.0
239952,89,prior,14,4,16,10.0
3185536,60,prior,86,4,17,1.0
157485,182,prior,2,4,16,18.0
2785134,140,prior,12,4,13,6.0
697062,188,prior,2,4,15,30.0
2027269,73,prior,37,4,12,0.0
1918423,148,prior,33,4,14,7.0
696140,113,prior,44,4,12,3.0
3383586,192,prior,11,4,12,3.0
2384998,13,prior,75,4,14,2.0
2948422,23,prior,1,4,14,
184424,159,prior,10,4,17,8.0
707972,83,prior,8,4,17,7.0
188602,65,test,11,4,17,15.0
173772,120,prior,13,4,12,18.0
3305266,116,prior,2,4,17,14.0
862933,194,prior,79,4,12,6.0
1538493,177,prior,2,4,13,6.0
2884806,109,prior,4,4,12,30.0
1840503,58,prior,7,4,14,30.0
3006456,170,prior,8,4,16,3.0
2153651,192,prior,35,4,16,8.0
1627471,164,prior,75,4,12,11.0
1029695,25,prior,8,4,16,5.0
158860,76,prior,6,4,14,2.0
688801,162,prior,2,4,13,20.0
1511671,174,prior,5,4,14,3.0
107991,47,prior,24,4,12,12.0
2092043,42,prior,8,4,17,5.0
2203338,49,prior,31,4,19,13.0
426125,167,test,6,4,18,18.0
1101671,185,prior,6,4,19,30.0
2763960,198,prior,20,4,20,1.0
2460418,138,train,17,4,18,21.0
841859,175,prior,86,4,22,1.0
643452,138,prior,2,4,22,20.0
1308251,178,prior,15,4,18,2.0
1172998,189,prior,4,4,19,5.0
3302931,154,prior,5,4,18,30.0
15911,161,prior,41,4,22,2.0
3020173,41,prior,16,4,18,12.0
434026,48,prior,2,4,19,30.0
3142326,176,prior,19,4,18,11.0
1332873,196,prior,13,4,18,20.0
615223,98,prior,8,4,18,5.0
2295576,112,prior,63,4,18,4.0
2451381,136,prior,45,4,21,4.0
3420885,56,prior,4,4,21,21.0
2913150,84,prior,7,4,20,2.0
2787293,112,prior,4,4,20,4.0
574839,142,prior,41,4,23,1.0
2996694,51,prior,19,4,20,8.0
2653943,176,prior,3,4,18,30.0
462568,152,prior,13,4,18,6.0
2583126,79,prior,42,4,22,6.0
1664772,92,prior,3,4,19,25.0
741238,98,prior,37,4,19,4.0
823002,192,prior,3,4,18,10.0
954664,43,prior,21,4,23,12.0
1590243,95,prior,7,4,23,1.0
1869961,107,prior,12,4,21,7.0
700475,196,prior,32,4,21,8.0
2459246,154,prior,4,4,19,2.0
2531966,90,prior,3,4,18,23.0
1530208,54,prior,4,5,0,3.0
1043559,25,prior,13,5,0,9.0
2165147,138,prior,9,5,1,2.0
3251834,140,prior,77,5,3,1.0
3091904,23,prior,24,5,0,5.0
53797,4,prior,31,5,0,3.0
32006,66,prior,3,5,0,20.0
832931,136,prior,3,5,0,30.0
2273345,33,prior,14,5,3,9.0
2688342,68,prior,17,5,4,6.0
257640,112,prior,24,5,0,5.0
3134500,41,prior,2,5,4,30.0
2878526,3,prior,53,5,3,7.0
2513785,87,prior,10,5,0,5.0
1233818,77,prior,3,5,3,30.0
2358031,179,prior,2,5,5,1.0
2926844,111,train,8,5,0,6.0
1682597,127,prior,3,5,0,5.0
1607984,118,prior,6,5,1,5.0
3095439,3,prior,2,5,5,8.0
754074,187,prior,8,5,0,8.0
1154763,182,prior,7,5,0,3.0
203040,175,prior,9,5,0,5.0
3053736,176,prior,14,5,3,17.0
1419581,37,prior,15,5,3,18.0
1057429,1,prior,3,5,2,19.0
665754,166,prior,40,5,1,8.0
2682064,163,prior,61,5,1,11.0
38022,142,prior,32,5,4,4.0
3041695,115,prior,10,5,5,8.0
1641964,116,prior,33,5,1,3.0
35913,165,test,23,5,1,30.0
201976,135,prior,2,5,1,30.0
586827,106,prior,9,5,0,14.0
3298920,138,prior,17,5,0,14.0
2211284,186,prior,51,5,8,4.0
1253100,54,prior,59,5,10,2.0
1599066,45,prior,11,5,11,19.0
2038668,39,prior,53,5,10,7.0
1190652,156,prior,4,5,11,21.0
2105913,129,prior,48,5,7,19.0
3340068,18,prior,13,5,8,14.0
431577,94,prior,24,5,7,3.0
826127,54,prior,1,5,8,
2888669,159,prior,1,5,8,
3097560,154,prior,3,5,9,21.0
2434133,118,prior,5,5,8,12.0
221299,27,prior,28,5,11,30.0
840623,113,prior,4,5,11,25.0
3097283,89,prior,38,5,9,6.0
1457233,192,prior,11,5,10,4.0
1338457,116,prior,89,5,8,2.0
2517449,169,prior,16,5,7,27.0
882511,17,prior,11,5,10,4.0
2584196,188,prior,2,5,9,3.0
1487154,156,prior,25,5,11,16.0
2429131,44,prior,13,5,7,11.0
3264254,134,prior,1,5,10,
1062466,119,prior,24,5,9,21.0
1807270,12,prior,11,5,9,1.0
331587,45,prior,1,5,7,
2045637,70,prior,44,5,8,3.0
286608,11,prior,25,5,11,15.0
7469,19,prior,42,5,9,2.0
2895391,130,prior,16,5,10,2.0
3262923,41,prior,9,5,9,2.0
2514707,76,prior,1,5,10,
2663160,114,prior,18,5,6,1.0
3192731,135,prior,38,5,10,6.0
925299,184,prior,1,5,10,
3123223,175,prior,31,5,14,6.0
2491518,95,prior,3,5,14,18.0
394934,168,prior,33,5,17,12.0
3315074,17,prior,7,5,13,5.0
1492206,181,prior,7,5,17,30.0
1993598,143,prior,37,5,15,2.0
2103760,110,prior,24,5,17,2.0
1750944,154,prior,27,5,15,7.0
2867959,56,prior,30,5,16,20.0
643042,148,prior,23,5,16,7.0
2275660,105,prior,15,5,15,1.0
121521,43,prior,10,5,15,11.0
2669058,159,prior,10,5,16,8.0
269056,91,prior,8,5,13,10.0
121848,35,prior,35,5,15,4.0
2804744,67,test,31,5,17,30.0
1812815,12,prior,37,5,12,7.0
412717,97,prior,18,5,14,3.0
1891707,89,prior,7,5,14,10.0
730534,2,prior,40,5,16,10.0
891462,60,prior,44,5,17,7.0
1315285,128,prior,12,5,16,8.0
2662781,138,prior,37,5,12,2.0
1216502,1,prior,5,5,13,8.0
1495337,3,prior,27,5,16,19.0
3241787,172,prior,4,5,16,30.0
2440373,3,prior,10,5,13,30.0
2037236,189,prior,3,5,13,14.0
532446,44,prior,12,5,15,14.0
734094,156,prior,37,5,17,12.0
764347,115,prior,6,5,16,5.0
3287551,32,prior,16,5,17,11.0
3139804,24,prior,6,5,14,17.0
872272,85,prior,41,5,17,7.0
1058520,166,prior,21,5,14,7.0
2933088,90,prior,20,5,21,5.0
2263192,104,test,49,5,20,8.0
1352911,162,prior,3,5,20,30.0
2162249,48,prior,4,5,19,30.0
623413,185,train,6,5,18,30.0
470581,89,prior,51,5,19,8.0
1466562,195,prior,6,5,18,9.0
1106850,146,prior,6,5,21,0.0
2638152,141,prior,4,5,19,13.0
2285921,106,prior,2,5,18,0.0
1838102,196,prior,6,5,21,13.0
409367,42,prior,4,5,19,30.0
2047288,112,prior,49,5,18,5.0
710750,161,prior,41,5,18,5.0
1810402,85,prior,13,5,22,5.0
2165532,164,prior,1,5,22,
953427,175,test,14,5,19,6.0
1094816,12,prior,9,5,21,21.0
2305934,20,prior,7,5,18,2.0
2616576,85,prior,7,5,19,7.0
600364,18,prior,14,5,19,6.0
2985477,180,prior,5,5,22,6.0
404046,176,prior,25,5,21,4.0
973900,21,prior,36,5,20,1.0
751646,69,prior,11,5,19,11.0
1406085,175,prior,5,5,19,25.0
3175746,62,prior,15,5,18,4.0
457992,98,prior,25,5,19,6.0
3246965,36,prior,19,5,19,7.0
2465930,136,prior,2,5,19,30.0
2923535,109,prior,4,5,19,9.0
2020817,97,prior,4,5,19,30.0
141265,67,prior,1,5,21,
218643,198,prior,34,5,18,5.0
2996796,60,prior,3,5,23,6.0
3047307,142,prior,8,6,5,13.0
1293894,53,prior,20,6,0,2.0
3294980,141,train,7,6,0,30.0
1196173,128,prior,6,6,4,2.0
1566124,184,test,26,6,0,30.0
2672225,137,prior,15,6,1,12.0
1182695,168,prior,54,6,3,8.0
668680,3,test,5,6,0,30.0
1091248,135,prior,51,6,3,5.0
1606431,122,prior,13,6,0,21.0
532405,168,prior,6,6,3,9.0
2468967,86,prior,4,6,1,7.0
3156896,7,prior,35,6,0,1.0
1958716,87,prior,6,6,0,26.0
1221211,102,prior,7,6,3,3.0
1068906,83,test,16,6,1,8.0
3233909,198,prior,2,6,1,30.0
3273481,99,prior,30,6,0,2.0
3319667,143,prior,1,6,3,
596155,182,prior,2,6,1,7.0
645641,53,prior,43,6,0,7.0
678058,107,prior,90,6,2,3.0
1000737,149,prior,27,6,4,6.0
426715,187,prior,6,6,1,8.0
2639929,188,prior,3,6,4,6.0
2748190,70,prior,41,6,2,11.0
101910,112,prior,4,6,1,30.0
1031392,121,prior,33,6,0,3.0
2939983,188,prior,7,6,0,9.0
144072,93,prior,6,6,0,30.0
3188012,131,train,13,6,0,8.0
2181592,190,prior,9,6,0,8.0
1815759,89,prior,18,6,2,8.0
2440270,107,train,9,6,0,30.0
461386,112,prior,2,6,1,11.0
2555730,190,prior,3,6,11,20.0
3309353,32,prior,11,6,10,6.0
1248341,164,prior,3,6,10,30.0
151462,195,prior,36,6,8,13.0
3415612,73,prior,9,6,10,27.0
1490179,89,prior,11,6,8,3.0
371733,38,prior,27,6,11,12.0
2446703,120,prior,43,6,9,3.0
309367,200,prior,5,6,10,14.0
2191449,136,prior,7,6,10,28.0
154753,103,prior,4,6,8,4.0
896716,167,prior,21,6,11,10.0
765942,180,prior,7,6,8,7.0
570445,13,test,7,6,11,11.0
2143582,87,prior,27,6,10,6.0
2437582,116,prior,39,6,11,1.0
218020,69,prior,19,6,10,5.0
1240795,187,prior,3,6,7,4.0
1639264,138,prior,20,6,11,4.0
2865103,143,prior,2,6,9,6.0
1606844,132,prior,14,6,8,3.0
2026006,66,prior,3,6,9,12.0
885853,55,train,6,6,11,13.0
62737,37,prior,19,6,10,2.0
1366605,101,prior,8,6,8,15.0
2576120,126,prior,14,6,8,30.0
902574,85,prior,2,6,11,30.0
2384,51,prior,12,6,11,9.0
1516146,95,prior,7,6,9,30.0
597666,82,test,6,6,11,11.0
880351,124,prior,15,6,8,7.0
1883687,175,prior,32,6,10,7.0
3361767,87,test,11,6,9,30.0
529159,23,prior,7,6,11,0.0
1171801,132,test,32,6,11,4.0
1791621,161,prior,5,6,13,4.0
2947643,34,prior,1,6,17,
2597842,41,prior,6,6,13,13.0
2364605,82,prior,3,6,12,6.0
1937693,104,prior,1,6,14,
1581277,40,prior,13,6,16,8.0
239789,190,prior,3,6,16,27.0
621779,99,prior,7,6,15,9.0
2395660,119,prior,26,6,13,7.0
1087911,81,prior,90,6,12,2.0
579721,152,prior,8,6,12,4.0
656078,170,prior,1,6,13,
743305,16,prior,2,6,17,30.0
1310165,102,prior,2,6,15,8.0
248383,68,prior,12,6,16,2.0
2501168,31,prior,2,6,12,6.0
3119259,138,prior,5,6,16,5.0
418140,51,prior,53,6,12,6.0
1393786,153,prior,25,6,17,1.0
2291247,43,prior,14,6,17,29.0
3205781,5,prior,10,6,16,7.0
3172993,104,prior,5,6,14,30.0
745389,140,prior,8,6,13,11.0
2184940,135,prior,7,6,13,14.0
880564,104,prior,60,6,13,5.0
1052650,74,prior,41,6,17,3.0
1770301,120,prior,3,6,14,12.0
1476149,72,prior,17,6,17,4.0
3177475,97,test,12,6,17,27.0
817616,90,prior,15,6,16,7.0
1658240,37,prior,12,6,17,6.0
2524529,123,prior,29,6,14,5.0
608375,178,prior,13,6,13,4.0
2879620,67,prior,4,6,17,21.0
537117,155,prior,14,6,12,9.0
3369184,97,prior,5,6,22,3.0
3382622,172,prior,5,6,19,7.0
2624437,195,prior,16,6,20,20.0
3317468,161,prior,19,6,21,6.0
600839,180,prior,5,6,18,5.0
467889,28,prior,1,6,18,
7541,152,prior,7,6,19,4.0
2933095,93,prior,1,6,20,
2940916,160,prior,7,6,22,9.0
646100,54,prior,15,6,18,8.0
860464,9,prior,1,6,22,
1633929,82,prior,7,6,18,3.0
70602,99,prior,1,6,19,
2277405,33,prior,17,6,18,9.0
3249705,122,prior,43,6,18,8.0
3019173,143,prior,29,6,20,6.0
1907814,64,prior,38,6,18,0.0
561850,79,prior,8,6,18,5.0
2783876,123,prior,5,6,21,13.0
1751332,42,prior,23,6,18,2.0
3333858,18,prior,37,6,18,5.0
754830,148,prior,1,6,18,
2633080,88,prior,7,6,21,7.0
803336,156,prior,17,6,18,18.0
518746,118,prior,70,6,18,2.0
1429571,86,prior,1,6,20,
3097423,93,prior,31,6,20,6.0
185722,68,test,24,6,18,30.0
2810017,14,prior,15,6,18,2.0
828825,176,prior,1,6,19,
2575450,155,prior,16,6,23,2.0
1794434,86,prior,9,6,18,3.0
2954700,150,prior,11,6,20,18.0
893519,41,prior,57,6,21,5.0
483636,160,prior,17,6,18,5.0
